molecule,mu,mbd,alpha,gap,eat,delta_mu,delta_mbd,delta_alpha,delta_gap,delta_eat,r_g,mol_mass,kappa2,sigma_k2,logP,sasa,sigma_sasa,rel_sigma_sasa,rotatable_bonds,n_conf,H_donors,H_acceptors,dG
androstenone,0.8431586,-1.557163771830107,266.25061998869245,5.842415132020649,244.18400734349305,0.2686076,0.0098226492440229,0.3187251749791597,-0.1341867619439175,0.0912416193046068,3.3107897942804367,272.43199999999973,0.1250637479713539,0.000444172954694,4.764300000000004,483.9676724924883,1.979322920430412,0.0040897833325037,2,19,0,1,-2.63
penoxaline,1.2240962,-1.0153531595772387,234.28997274161944,4.15232903037975,195.47013057135288,0.43134153,0.0296777639343263,1.0759641555399675,-0.4024612525709314,0.2668193950762156,3.075579424075851,281.3119999999996,0.0395860904096614,0.0052146440811213,3.720340000000003,492.1927767815896,5.772120072686507,0.0117273563225164,10,153,1,5,-6.1
beta-caryophyllene,0.20383002,-1.1006850654428657,210.61008245294744,5.305404359644109,191.17917424982244,0.094842486,-0.0009197569875554,0.8125252696600828,-0.0792840861461379,0.03498089550571,2.660922912505245,204.3570000000002,0.0436746563308845,0.004235794628935,4.7252000000000045,426.8065097889603,2.9725763891237587,0.0069646931828513,3,11,0,0,0.0512
isoxaben,1.6509156,-1.1883512975564643,314.23265394523963,5.254936599019748,251.0101316081944,0.43754277,0.0112459806155468,-0.7073278053482966,0.0996842690284794,0.4166694628213768,4.135643827010959,332.3999999999996,0.1339795998422315,0.0066514154003121,4.0218000000000025,610.9971316955563,3.589753904336782,0.0058752385536982,12,134,1,5,-9.94
solatenol,2.1238058,-1.170956340828383,328.38209313188673,5.336341350753872,230.2652482931325,0.61786187,0.0103217070017849,0.1913956700032846,-0.1000087974926812,0.5344415537883781,4.080226630607534,398.2348063259998,0.0953339734773609,0.0108534244160922,5.273800000000002,598.6013552716614,8.578216856719768,0.0143304334030896,4,173,1,3,-12.663
1-hydroxyanthraquinone,0.5690089,-0.6575467586517334,191.93817138671875,3.594857931137085,160.27760314941406,0.14766343,-0.0076660010963678,0.2135533094406128,0.0330440662801265,0.1743523776531219,2.838611562414984,224.21500000000003,0.0913061642276333,0.0,2.1676000000000006,398.4149924268031,0.0,0.0,1,1,1,3,-8.92
prochloraz,1.1318351,-1.0522027914074883,294.05132747042006,5.784243314162545,205.7150182309358,0.4587269,0.0048139280018707,-0.0675154941669408,0.0597844500688539,0.2786783197003862,4.086907294898528,376.6619999999998,0.1019634634777051,0.0173342657356498,4.602400000000004,574.4405832378812,10.245715152576224,0.0178359876574621,7,138,0,4,-8.42
trans-stilbene,1.339075e-05,-0.5492225885391235,201.52728271484372,4.587697982788086,151.54872131347656,1.382042e-05,-0.0032062595710158,0.3279826045036316,-0.0242110453546047,0.1517146080732345,3.433185200256583,180.25000000000009,0.1901191314285302,0.0,3.857000000000003,407.8462255935647,0.0,0.0,2,1,0,0,-2.1
"1,2,3-trimethylbenzene",0.2548349,-0.4304872155189514,122.90994262695312,6.188131332397461,109.5639190673828,0.047048915,-0.0014203963801264,0.1599630713462829,-0.0593995340168476,0.036689780652523,2.075824133571452,120.19499999999992,0.0620732241734437,0.0,2.611860000000001,315.77580329770365,0.0,0.0,3,1,0,0,-1.06
etfhxsa,1.0322394,-0.7506142204746287,186.08727093960377,8.483797709992592,168.9644695850129,0.31476283,-0.0358706114298485,-0.0416622256979029,0.3995852760495023,0.3621565418199022,3.276484544418905,427.180241119,0.1046745325309838,0.0238760017478954,3.6220000000000017,475.3064311522856,8.324502138800792,0.0175139690801567,8,188,1,2,-2.156
fluazinam,0.47463524,-0.9522051397016492,278.3836237158479,3.3364076789489574,196.4594792942543,0.29484838,0.0123957157724321,1.3084603769462662,-0.2823192455337546,0.336813110584593,4.147631449955756,465.0894189779999,0.0976990789957801,0.0145231110722568,5.986000000000003,573.6062907729937,5.60743638158907,0.0097757581668647,4,177,1,6,-2.71
fluridone,2.0220056,-0.9646092485158873,297.7628134703025,4.391810380495512,226.69762048965845,0.6474123,-0.0004988036667689,-0.1930346336120214,-0.0397588182718325,0.3917016486326853,4.13191650743807,329.3222094889998,0.1236070535476407,0.0172075648604739,4.738100000000004,566.727659501941,2.959439966143967,0.0052219790520632,3,39,0,2,-8.83
methacrolein,0.8354247,-0.13567835688591,59.69162826538086,5.974878215789795,55.69925231933594,0.23548007,-0.0019285886548459,0.0411189913749694,0.0098779216408729,0.1982089251279831,1.5817111055828603,70.09099999999997,0.0882469591579167,0.0041497074422946,0.7614000000000001,234.928302133655,0.8080923033117738,0.0034397401078224,2,5,0,1,-2.79
adamantane,3.0395473e-05,-0.7076191902160645,127.4150390625,7.028995990753174,129.64501953125,1.7130988e-05,0.0021678879857063,-0.221055805683136,0.2151624411344528,-0.0112642906606197,1.81752584683428,136.23800000000003,5.1829429636995876e-11,0.0,2.832600000000001,316.6074764466967,0.0,0.0,0,1,0,0,-0.406
fructose,0.9016652,-0.4996322276799575,121.22942526444145,7.205876651017562,119.98476783089016,0.30251712,0.0012290195015299,0.3806989461831424,0.714978635635065,0.5709951873058858,2.4965781613451217,180.1560000000001,0.0687499141501925,0.0264030544941992,-3.377199999999999,348.3028145272368,6.454061247012525,0.0185300289800208,10,92,5,6,-17.0
oxadiazon,1.1459022,-1.0318931052179048,286.76667230779475,4.999560146620779,209.84543678977272,0.30173284,0.0027584576358397,-0.569213103164326,0.1149267777236122,0.0939754152839834,3.802406005730648,345.21999999999974,0.1026107203328334,0.015580628236123,4.217000000000003,564.1484919878778,5.179209998392892,0.0091805793544586,5,66,0,5,-7.56
1-adamantanol,0.47731122,-0.7523156404495239,133.59414672851562,7.195683479309082,135.7749786376953,0.10879249,0.0059182299301028,0.0312412977218627,0.1838618516921997,0.0832727551460266,1.951849480727433,152.23700000000014,0.0122156361505609,0.0,1.9475,328.4030395777808,0.0,0.0,1,1,1,1,-5.69
tetralin,0.28819287,-0.4896033704280853,130.05338287353516,6.358288288116455,118.23778915405272,0.059089094,-0.0026157940737903,-0.471993088722229,-0.0010662972927093,0.0640557520091533,2.164550865139236,132.206,0.0908275877254645,5.08974103419213e-07,2.5654000000000003,321.4169020448404,1.870052767971913,0.0058181531713942,0,2,0,0,-1.64
pfosa,0.6321806,-0.7891424897572269,194.68042846347976,9.245402776676675,178.0037837650465,0.38759044,-0.0487661822294087,0.2404676034398701,0.2564890189906177,0.4478108367842177,3.5397428360160403,499.14185377099983,0.1152384313579821,0.0232805095630998,4.2418,486.5363205232224,7.930943814714044,0.016300825817454,8,184,1,2,-4.148
mefbsa,0.91961753,-0.5047815480130784,128.75197779878656,7.46755313873291,117.92971168680394,0.2998632,-0.0224440528198759,-0.3258300429963051,0.2599043109791076,0.2549933353637127,2.5752812401323064,313.1376284669999,0.0606869121618506,0.0203015158869151,1.9613,377.6050390098442,6.116433792275076,0.0161979665533955,5,47,1,2,-3.889
delta-cypermethrin,1.5537654,-1.2616198186467331,363.2824429767888,5.470664690180523,266.32954667254194,0.42036167,0.0158173559097255,0.1894119799864001,-0.0837584009575771,0.3754357392104661,4.677060211964453,416.29799999999966,0.1174114324176576,0.0335833306424591,6.177980000000003,680.1917888414255,19.15545849004541,0.0281618490612375,8,164,0,4,-6.83
p-menthane,0.04034501,-0.7027868098682828,145.3983849419488,7.873220920562744,139.78375413682727,0.033162013,0.0027872183515379,-0.2005480925242106,0.0735412697411245,-0.0554887904889053,2.407108676909176,140.27000000000007,0.1004052796904681,0.0156289245519156,3.468700000000003,363.22716123174746,2.7071898335254723,0.0074531591314511,4,18,0,0,2.53
pinoxaden,1.8800792,-1.693595256942969,374.9983781667856,5.299604498423063,316.7299974881686,0.7947226,0.0725870531840393,2.646535566219917,0.0388748422265052,0.4155764075425955,3.636457627100271,400.5189999999996,0.032605702463121,0.0026616049751172,3.731720000000003,649.2567620144818,6.328514859310709,0.0097473222145194,7,104,0,6,-12.9
ibuprofen,0.497158,-0.7553054942534521,200.34843503511868,6.262463661340567,172.88790952242337,0.15944669,0.0036281228710252,-0.4438265011860774,-0.0679312958740271,0.2264142105212578,3.28698681568176,206.2850000000001,0.1452407448919988,0.013381015592437,3.073200000000001,451.61802133333856,3.535280725630736,0.0078280328920296,7,26,1,2,-7.11
adonitol,0.97634035,-0.4316809332889059,104.81966554945794,8.170779774154441,105.5357283440189,0.30137601,0.0025403939619444,0.3285976821097774,0.7471690484579059,0.5099611217560975,2.273250313482374,152.1460000000001,0.0651169436404439,0.0263955433007413,-2.9462999999999995,320.4327438037303,4.062393339920634,0.0126778346422951,9,69,5,5,-20.5
pentadecalacetone,0.6720407,-1.1092920786142348,233.8007073974609,6.119423868656159,216.7417593383789,0.26059687,0.0148102133441716,1.0821949949860572,-0.0045336793363094,0.1300874316692352,3.1871417333079064,240.38700000000023,0.0530288524859571,0.0065863601461161,4.614500000000005,474.29027275062776,4.333621415492972,0.0091370657685225,0,200,0,2,-1.36
tetramethrin,1.3901145,-1.1897197667463326,310.184785819348,4.506781413231367,259.5607880015432,0.29835236,0.0129145218266381,0.9742152212578572,0.0359300535954075,0.230656854900313,4.122732641968322,331.4119999999996,0.1245944728011557,0.027634744134106,2.964900000000001,613.5078387195307,9.357403260557335,0.0152522961729183,8,81,0,4,-5.67
mefbse,1.0188885,-0.7084640343732471,165.80270356769805,7.377304629434513,151.53589446635186,0.34661305,-0.0222187642762555,-0.1225494710327703,0.3207276496753285,0.3435038909127441,3.0005959350059803,357.1906284669997,0.0890029318769184,0.0229477198805683,1.666,435.9210500773911,7.861227290782053,0.0180336033081825,8,158,1,3,-5.936
thfensulfuron-methyl,2.05937,-0.921735913446634,291.65416483359763,5.135775325321915,204.76778555388495,0.77954715,0.020211294514708,0.1810817889647908,0.2393765177319545,0.813896634791157,4.228512133720759,387.3849999999999,0.130787279050286,0.0275094622945011,0.5471200000000002,604.0475197593075,6.490934306266803,0.0107457345555416,8,101,2,10,-16.3
4-4ftoh,0.80107725,-0.5684345645063064,148.1577262878418,8.570030605091768,144.68295546138987,0.19815041,-0.0190811046289608,-0.2560258117668769,0.4501437222694649,0.3135163719382356,2.991332220680913,292.14462846699985,0.1000050866085836,0.0272374714125477,3.6172,411.17117153454586,6.434684439598052,0.0156496488204242,7,136,1,1,-2.688
fluorene,0.12245727,-0.5528120994567871,167.9645538330078,4.861337184906006,138.65907287597656,0.001701947,-0.00383922457695,0.275686502456665,0.0107742995023727,0.1793038547039032,2.5541158419854377,166.22300000000007,0.1234368218051753,0.0,3.2578000000000014,362.9202802916642,0.0,0.0,0,1,0,0,-3.42
eugenol,0.7217815,-0.4902963870101505,151.37159729003906,5.371296511756049,129.14296129014758,0.1768551,-0.0021799477852053,-0.1070632735888163,-0.059241568048795,0.1960432595676846,2.6383251588455106,164.2040000000001,0.085107681817008,0.0119092854632838,2.1293,377.8966375858611,2.1460834829540736,0.0056790224349812,5,9,1,2,-5.95
indane,0.29932866,-0.3874683082103729,114.7464828491211,6.4007487297058105,104.07845306396484,0.01972507,-0.0007990943267941,0.2283303439617157,0.0124414954334497,0.0977456197142601,1.9876821006357464,118.17899999999992,0.0869408319765253,0.0,2.1753,305.8771221951873,0.0,0.0,0,1,0,0,-1.4
etoxazole,0.5624918,-1.2641978469051298,338.771864093718,5.058035897426918,268.03501566902537,0.23365022,0.0029668777066542,0.0411417796963551,-0.0255623640126136,0.1384718197046733,4.201970914971324,359.4168063259996,0.1230100397348299,0.0087086653408923,5.1791000000000045,618.1043274283257,13.559143749346354,0.0219366588254774,5,122,0,3,-7.33
mefhxsa,0.9513114,-0.6887001922217811,168.61969784992496,8.375495113977571,154.8747133394567,0.31237954,-0.0356344521931577,-0.2367817494200497,0.3508036534597234,0.3587370270454302,3.095500197110126,413.153241119,0.0934587643931342,0.0221252478504196,3.2319000000000013,443.14176081310393,7.235141949797685,0.0163269242251558,7,164,1,2,-2.743
levoglucosan,0.691056,-0.4635622302691142,108.35287602742513,7.457851409912109,108.28317896525066,0.26728174,-0.0023723136012752,0.4291605005661646,0.0262129319210847,0.4921814898649851,2.030912992376187,162.14100000000008,0.0221898911968324,0.0135799639682735,-2.1758,309.6589650313086,2.3475972871672908,0.0075812346880702,3,6,3,5,-19.2
benzoximate,0.9963865,-1.0376032119573548,308.8530521836392,5.348307472790858,238.10785195993824,0.3240294,0.0154766910528951,0.1764168184857036,-0.1188573299712219,0.3487594395644905,3.706431266563721,363.7939999999998,0.0447877406111945,0.0080957829260578,3.9123000000000023,612.7807543541602,7.655884464887184,0.0124936764258467,9,129,0,6,-7.723
fipronil,2.2348983,-0.8719731076903965,273.4839539458786,5.098800493323284,177.61528059365094,0.66796005,0.0128940979180776,0.8836827619352202,0.5918002811031066,0.6962939276211504,4.066396436389424,437.1414189779998,0.1210294944840157,0.0024085868637689,4.27918,545.5811092351015,4.439675707188597,0.008137517285767,3,69,1,5,-10.2
3-3ftoh,0.7942301,-0.4064102465456182,111.25710504705256,8.272519250349564,112.1924041748047,0.16351674,-0.0111993109468709,-0.2317184507846832,0.2771121512759815,0.2795615645972165,2.5028503159499493,228.10982214100008,0.0744298596586666,0.024051686743338,2.591800000000001,348.6329360904884,5.653884367082189,0.01621729842993,5,55,1,1,-2.961
bifenthrin,1.0198568,-1.358634236653646,371.11833943684894,5.789597949981689,286.26527506510416,0.32809952,0.0118630663926402,-0.4638157987594604,-0.1413491456458966,0.2658833131194115,4.92696356777561,422.87220948899954,0.1350442311279099,0.0398074495034523,6.6624200000000044,683.2289797999578,14.023702435585658,0.0205256258885442,8,150,0,2,-5.99
4-2ftoh,0.71555245,-0.4207920423194544,114.00141815641034,8.485879969241013,116.6003097989666,0.18179402,-0.0168892883403754,-0.0679081998654266,0.3352665932320837,0.3366796245325857,2.478338775567676,264.0906284669999,0.0574101617801277,0.0222071375109607,2.837,352.4448132095785,5.269755374659701,0.0149520014968303,5,67,1,1,-2.142
trans-nonachlor,0.2983487,-1.004756490389506,261.645166015625,6.773665523529052,123.04967041015624,0.1540323,0.0983943998813629,2.431932004292806,0.4384624123573303,0.3184501647949219,3.0760933400117563,444.1999999999998,0.012191898983537,0.0031950330106226,5.9001,470.1198220493565,4.794272122851681,0.0101979791065868,0,15,0,0,-2.57
sulfallate,1.5117433,-0.6347450012460761,180.75964901425425,5.214089831081005,119.86365418040424,0.5373774,0.0022347524095702,-0.0646924180995433,0.3371145908438831,0.2648283661505498,2.773821748428801,223.7770000000001,0.0634695779444628,0.0328115545696026,3.0988000000000016,414.548843888481,11.310517478353562,0.0272839199652821,6,109,0,2,-4.87058301193315
limonene,0.16658542,-0.5653891364733378,143.29317304823132,6.838735236061944,127.79705556233723,0.0869973,-3.711418766114447e-05,-0.1619723753796683,-0.0061854333099391,0.0545935899847083,2.4010122809037564,136.23800000000003,0.1072037680431702,0.0264498446853351,3.308900000000002,357.98884491862634,3.4711105620008547,0.0096961416850568,3,18,0,0,-0.0905
"1,6-heptadiyne",0.24026494,-0.2324739396572113,103.44718322753906,8.060119819641113,77.43909454345703,0.07743826,0.0044462510384619,0.1096993923187255,0.2192898869514465,0.1773409903049469,2.276785604786987,92.14099999999996,0.1457896324096164,0.0335326787073157,1.4231,301.07979442842304,2.4095292780006514,0.0080029590912102,2,5,0,0,-1.44
pydiflumetofen,1.9646702,-1.1964647689862038,319.2655824120365,5.77604603767395,223.0783104967715,0.63873255,0.0177593872562718,0.7216741480489275,-0.0852439560468739,0.5385604169386536,4.071279495279461,426.6698063259998,0.0961953230822872,0.0369092772229434,4.952700000000003,593.9896931012707,15.890270397505152,0.0267517611535323,9,134,0,4,-9.846
perchlorobiphenyl,2.0778676e-05,-0.8999424576759338,316.5684509277344,5.175297737121582,130.6536865234375,5.6524965e-05,0.0457213558256626,0.5106351375579834,-0.47904172539711,0.2628505825996399,3.7788313890080656,498.63200000000006,0.0692801440419658,0.0,9.8876,544.1420616123476,0.0,0.0,1,1,0,0,-4.271
flucythrinate,1.3409692,-1.470453007969745,401.26748355599335,5.888031316357989,323.0749256222747,0.4099248,0.0152044712111007,0.9807552355666492,0.0638361593199417,0.4544275195099587,5.119529728319082,451.4698063259999,0.116326916268089,0.0420699738362014,6.627980000000005,748.5020126071832,18.077455333722572,0.0241515119922726,11,172,0,5,-7.42
bitertanol,0.89767855,-1.2736528975622994,322.8363970075335,5.506107820783343,258.67435651506696,0.36865243,0.0173731424446616,-0.0739542160715375,-0.0114211385803563,0.2987287436212812,4.23449980256802,337.4229999999996,0.1301293050990322,0.0108409791647058,3.929700000000004,602.1670348084169,4.324787147290728,0.0071820390311912,6,35,1,5,-14.286
trinexapac-ethyl,1.0053378,-0.7981748966132702,213.406084229346,5.455008062375646,184.6105657045533,0.31637263,-0.0009885686291318,-0.7727549992451052,0.0155867260887103,0.3790098775406273,3.299368919379789,252.2660000000001,0.1100788523911668,0.0360332643393259,1.3198,473.01433955045866,10.698988097084175,0.0226187394387498,5,147,1,5,-5.6
octachloronaphtalene,7.681205e-05,-0.7019911408424377,257.6850891113281,4.215111255645752,107.7417221069336,8.858891e-06,0.0219110008329153,1.052326202392578,-0.5845674276351929,0.144653245806694,3.4422227157030365,403.7099999999999,0.066728038003705,0.0,8.067,458.9060219515111,0.0,0.0,0,1,0,0,-4.74
8-2ftoh,0.7407225,-0.7896496598487315,195.0869380287502,9.97199116582456,190.4749771615733,0.22063653,-0.0439684921268211,0.4197733130144036,0.4661183266536049,0.5399537724645241,3.4734241653815507,464.1218537709997,0.1110603091165128,0.023052370860082,5.378200000000001,485.031405612195,6.53708714265712,0.0134776574609765,9,184,1,1,0.15
pyraclostrobine,0.854218,-1.1169260778942625,339.1635235760663,5.552924514461208,249.67854177114123,0.4197165,0.013139269878534,0.5061806569228301,0.1998793547318594,0.4716307899436435,4.591621417716042,387.81999999999977,0.1313224113848768,0.0260280303122306,4.238900000000004,639.0124299441031,13.207118709278854,0.0206680153474231,8,185,0,6,-10.957
ethofumesate,1.1092492,-0.8958034248966159,232.1810373248476,5.721728227355263,193.654765735973,0.3318533,0.0120478660983005,-0.6135899230386271,-0.0692735352186542,0.3138845084291516,3.545259929549974,286.34199999999964,0.1433696923075682,0.0170272494855481,2.0576,512.6179713275816,6.960082721760318,0.0135775238307292,8,132,0,5,-7.95
fluacrypyrim,1.0770336,-1.2336820795618255,345.06235460303293,5.918938995777876,282.14293872350936,0.38900897,0.0282463564045042,1.0296127501575427,-0.0096145011056428,0.4327109425232328,4.170684248045905,426.3922094889997,0.0649542770242939,0.0119455864630868,4.021900000000003,685.6932620018483,23.81538438980555,0.0347318337652577,12,174,0,7,-7.778
salicylaldehyde,1.2396183,-0.2754566520452499,96.97874450683594,4.813321828842163,88.19807815551758,0.40593475,-0.0023409603163599,0.183432787656784,-0.1144279222935438,0.2456263676285743,2.0337702682286665,122.12299999999996,0.0802119064682845,0.0065582394748394,1.2046999999999997,282.8561113075724,0.577091335133133,0.0020402293323817,2,2,1,2,-4.69
dyprodinil,0.46996382,-0.7015979512065065,231.17346281163836,4.863524362152698,173.9437926049326,0.09798895,-0.0007027246642346,-0.5919451059079638,0.0222123310554261,0.2226267848529067,3.389020877569124,225.29500000000013,0.1185892039424582,0.0185431010077269,3.4060200000000016,474.0967889503285,4.137398506052698,0.0087269068310145,4,51,1,3,-7.47
fenoxyprop-p-ethyl,0.93255943,-0.9397991314718996,319.82192220567146,5.211839712118801,235.06574838372725,0.28672522,0.004353772235822,-0.2862376449983331,0.0323832750414745,0.3425502052790002,5.043546413096006,361.7779999999997,0.1739532080994585,0.0296369048205106,4.603900000000003,626.3126053020203,8.311782285579687,0.0132709803622291,8,79,0,6,-8.44
3-carene,0.062106833,-0.5872785846392313,140.38045756022134,7.034696261088054,127.95768229166669,0.06068832,-0.0010256618261337,-0.0274419387181599,0.0179453318317731,0.0150248749802509,2.2107199839151064,136.23800000000003,0.0747475928093138,1.6539299146525735e-06,2.9987000000000013,349.662146129899,1.937845110941186,0.0055420500399871,3,3,0,0,1.01
"1,4-cineole",0.85010165,-0.7111979126930237,145.03299458821616,7.573326428731282,140.21847025553384,0.2763579,0.0057226034502188,-1.2505648136138916,0.51828400293986,0.0369452908635139,2.2040603505221847,154.25300000000016,0.0627293619113874,0.0066340141950877,2.7441000000000013,359.5225559839587,1.7283286702830714,0.0048072885595533,4,3,0,1,-2.71
dibenzo-18-crown-6,0.8458594,-1.2410525663985008,323.97703847835203,4.5244693169419055,270.0084263666762,0.3499426,0.0085041569887187,-0.5908736567846767,-0.3540832017650779,0.3615699948752738,4.003167639750647,360.40599999999966,0.103205902865502,0.0221845898204547,2.948800000000001,590.6268428081714,7.786229066879783,0.0131829922085147,0,191,0,6,-18.25
4-2ftma,0.9105944,-0.7019233263509218,197.4380539295285,7.683578832204952,181.4972546599632,0.3193978,-0.016335614937964,-0.1321060342151065,0.0606342608672241,0.3056596138103064,3.655385507164255,346.1926284669997,0.1354075955234941,0.0238063542974741,4.354100000000002,493.6640436124261,8.173846774936079,0.0165575088578931,8,172,0,2,0.846
6-phenylundecane,0.1694221,-1.0543683289171577,256.24654665098086,6.855599846158709,221.17156848278677,0.06751288,0.0053291119235966,-0.0900523482443212,-0.0116604038483493,0.0188217789425954,3.5981208541638035,232.41100000000023,0.0570064116864336,0.0122779954754669,5.930800000000006,543.6649941807606,11.390987030373797,0.020952217178409,11,182,0,0,1.09
warfarin,1.6186513,-1.0681973463151513,279.01615124213987,5.002729090248666,230.42741059093945,0.5975854,0.0056867917272739,-0.1907594145798101,0.187010772389973,0.461352981445266,3.43477418573008,308.3329999999997,0.0587899092849081,0.0132896896265244,3.609600000000003,530.2802017297033,3.4040330509525067,0.0064193100927566,6,41,1,4,-10.9
simazine,1.5238333,-0.4738391575060393,167.24452787700451,5.407497948094418,119.5135791979338,0.62807566,0.0028474073906085,0.674165593950372,-0.1034612112923672,0.4054987970151399,2.888511548956341,201.65800000000013,0.0724452799573321,0.012388570956058,1.3885999999999998,414.8302639445184,4.487389170150673,0.0108174103004954,6,95,2,5,-10.087048828662
flutianil,1.673016,-1.1945104859769344,328.1494105656941,5.145308161775271,241.9674832026164,0.6405368,0.0098526297175946,0.0133666846280296,-0.0106037140940316,0.4040349988887707,4.009718532946121,426.4476126519998,0.0845884653208134,0.0215861383694542,5.891280000000004,607.1641344703369,11.329620042503391,0.0186598967219742,5,96,0,5,-7.164
spiromesifen,2.0588138,-1.5930838471367246,349.3587743365576,5.743984335944766,303.0670156327505,0.74319035,0.0352540266892266,1.0664380117068215,-0.1378177053753345,0.2751790592594752,3.5976641968223717,370.4889999999995,0.0379584283629442,0.0023566643538215,5.171960000000005,621.1714187310333,11.678179163988926,0.0188002519302092,6,63,0,4,-2.25
quizalofop-ethyl,0.79859424,-1.012568744875136,331.3667482648577,4.647036722728184,244.8002457391648,0.26399878,0.001394019772609,0.0332971201056525,-0.0746104564473387,0.3591226800566628,5.0858536267575545,372.8049999999997,0.1675034752980739,0.0273448133797262,4.405900000000004,645.182319467184,5.104721755360168,0.0079120608258078,8,84,0,6,-8.351
dibenzo-24-crown-8,0.97571653,-1.5432399415969849,403.6897001647949,3.8756885814666746,337.1646697998047,0.42492563,0.0135551592428237,-0.1656451141834259,-0.5271530719101429,0.4731613546609878,4.609582546276309,448.51199999999966,0.0816242330288805,0.030807020196881,2.982000000000001,712.9915991300144,18.678998357602776,0.0261980623339667,0,200,0,8,-23.63
pcb-129,0.88781625,-0.7177617649237314,255.6531219482422,5.246126413345337,130.49671173095703,0.3662467,0.013062403537333,0.1290285984675089,-0.1645484566688537,0.1579019154111544,3.5167517882125456,360.8639999999999,0.0880697052483611,1.206029040319459e-06,7.274,481.2590195601276,1.3038250812696377,0.0027091961465186,1,6,0,0,-3.99
diallylsulfide,0.5210679,-0.2813005335628986,107.4030073483785,6.592529207468033,80.44250583648682,0.19372414,-0.0007102079107426,0.0698824695621927,0.2476663471510013,0.0929594913808008,2.2099758672848924,114.20599999999996,0.1228661566473355,0.0463127322635502,2.0916,315.3235266183206,6.009631934311035,0.0190586221039742,4,48,0,1,4.86
"indeno-1,2,3-cd-pyrene",0.028337488,-1.0418163537979126,292.6701354980469,3.655049324035645,222.92593383789065,0.035599492,-0.0055029485374689,0.6445772647857666,0.2319462597370147,0.356259286403656,3.287913505531406,276.33799999999974,0.1021687734554378,0.0,6.231400000000003,445.8669299372402,0.0,0.0,0,1,0,0,-6.63
flonicamid,1.2534418,-0.4790504524167978,155.856208369417,5.524691572729147,128.62863504661703,0.42322448,0.0041976855048593,0.2710987166413721,0.0239859200346301,0.4743360815183172,2.8514345265994234,229.16220948900005,0.0704105017036422,0.0093829056010191,1.35378,392.0314521234497,5.041848997861883,0.0128608277997914,2,53,1,3,-14.7
phenylacetylene,0.23945656,-0.2423346042633056,105.64051055908205,5.875632286071777,82.4683609008789,0.063597344,0.0018195849843323,0.0123682618141174,0.0083063244819641,0.1274215281009674,2.02320800447231,102.13599999999995,0.1244937759835043,0.0,1.6679000000000002,293.3867571646349,0.0,0.0,0,1,0,0,-2.18
toxaphene,0.5475641,-1.0380562884466988,249.0954862322126,6.617813961846488,128.01685660226005,0.2531117,0.0935365940843309,1.3823140348706926,0.9130189461367472,0.3283145640577589,2.9429404269727946,411.77399999999983,0.0146129219537444,0.0051203463075262,5.377700000000001,447.0138042319626,1.171129777588376,0.0026198962235641,2,14,0,0,2.49312918703636
hexazinone,1.7983466,-0.9506390392780304,218.69673834906683,5.733922052383423,189.039308336046,0.59372985,0.0019931196545561,-0.0748377389378017,0.1301784566707081,0.2759121100107828,3.13121417860502,252.31800000000013,0.1168039842919688,0.0087164893656872,0.5131999999999997,476.601988556168,2.867833825913908,0.0060172510706508,5,90,0,6,-13.7
pyrazoxyfen,1.50148,-1.205850637236307,337.4754922556323,4.919161940729896,246.6181605139444,0.501436,0.0245223604792425,0.7768641543942828,0.1334129273458275,0.4441689516222754,3.779715706822997,403.2589999999999,0.0418044078459587,0.008270454756425,4.528020000000004,600.4820080307014,18.540426294992248,0.0308759064335601,8,43,0,5,-7.014
3-1ftoh,0.6974747,-0.2467380364735921,79.03255377875433,8.23622915479872,83.9680404663086,0.1610658,-0.0102954668820732,-0.2054084142049153,0.2699156237973107,0.2436808016565111,2.062511272701585,200.05582214100005,0.0310687278852933,0.0128375102372722,1.8116,294.26143546267264,2.0943021959659887,0.0071171480308762,3,9,1,1,-2.579
benazolin-ethyl,1.2629616,-0.6702222279880358,202.91315261177397,4.902014701262765,151.43445222274116,0.50250626,0.0059347544270365,0.146894180904264,-0.120051605383987,0.350204160032065,2.9654861460521,271.7149999999998,0.0559127826357636,0.0175372179796066,2.2795000000000005,445.9934953813218,6.525824481470134,0.014632106855932,4,46,0,5,-8.28
pefurazoate,1.4845161,-1.20958364672131,303.41322357486,5.8375929293006354,253.16296949290265,0.5898455,0.0215460224679172,0.9224511415067346,0.0891384372506478,0.4418907209177209,3.854793496345443,345.3989999999996,0.0711505350382587,0.0233491967132682,3.2344000000000017,607.8159144207567,16.1980695180184,0.0266496304780947,10,198,0,6,-9.074
p-tert-octylphenol,0.42194405,-0.9806702931722006,201.52581278483072,5.823891321818034,185.3041763305664,0.118734546,0.005611775132517,0.1200012266635894,0.0116055645048618,0.1449476132790247,2.9828155012638864,206.32900000000015,0.0935286830473589,0.0244522383451146,4.106000000000004,434.8455366089427,3.394952275092682,0.0078072602551415,5,6,1,1,-5.12
monodesmethylisoproturon,0.6183064,-0.632217122662452,190.7718963623047,5.339867961022161,153.20660105059224,0.31002706,0.0011618990871694,0.2966346702268047,-0.0746291397560027,0.2187096317929606,3.2629945587630487,192.2620000000001,0.1625658602633326,0.0054048367679522,2.7657000000000007,431.401947807836,1.8483758743397127,0.0042845793435384,5,31,2,2,-12.1
tetraconazole,0.9779345,-0.9061496442889576,248.09209607995075,6.689905948520448,186.6685081150221,0.34736928,-0.0030082890746524,0.1586890729687969,0.0158148883546916,0.4394361004696129,3.763750017809656,372.14461265199975,0.0565259815986052,0.0176723554136272,4.243200000000002,533.6112200187122,10.129581909077343,0.0189830751848173,7,161,0,4,-9.22
triforine,1.092442,-1.1517643094062806,279.9532749176025,4.773998782038689,170.6460687637329,0.47706932,0.0236010055756196,1.6121228577569129,-0.0627476942143403,0.5548528598621487,4.0749278735447145,434.94799999999975,0.1202808576222369,0.0139767306764507,1.4885999999999997,556.5899946884902,10.883364976022326,0.0195536482507442,4,160,2,4,-9.29
cyproconazole,1.1965747,-1.0754362131419934,250.72080190558185,6.131882692638197,198.6177135266756,0.39724177,0.0090051398955677,1.1099410226470543,0.0431512722549469,0.3593222916126251,3.426248628425416,291.77899999999966,0.0709347714285823,0.0284322084811244,2.865400000000001,496.0341117180378,4.558158380526059,0.0091892034697748,7,95,1,4,-10.3
fenpyroximate,0.9775012,-1.380186290968032,401.11551193963913,5.525899271485667,314.82399705351975,0.3499463,0.029510974913599,-0.6757321105432258,0.0185509002200825,0.3053102745580925,5.25457385157594,421.4969999999997,0.1447362328543973,0.0283403060181525,5.026820000000004,748.8502085261831,18.72522578262109,0.0250053022212203,9,189,0,7,-5.53
carbofuran,0.7173513,-0.6848534405231476,194.2057403564453,5.697117280960083,166.78739471435546,0.26861036,0.0053556601516902,-0.4456073403358459,0.2000507920980453,0.3471463948488235,2.8533621164219314,221.2560000000001,0.0612959979645954,0.0021424336640798,2.1183,449.6211203505453,3.66723095984639,0.0081562693429242,4,10,1,3,-6.51
1-methyl-1phenylethylhydroperoxide,0.5003945,-0.4978238567709923,132.03437678019205,6.316330432891846,120.99097442626952,0.16083072,0.0062685118755325,0.0228655189275741,0.0384082095697522,0.1815003951390584,2.330400866730088,152.1930000000001,0.0772235439161543,0.0183443826459752,2.4113,347.2802781367928,2.4761749742724835,0.0071301917504717,5,12,1,2,-7.8
aldrin,0.9428545,-1.0070980787277222,236.5384292602539,6.402423858642578,138.80292510986328,0.16566525,0.069071490317583,1.3569095134735107,0.3600025177001953,0.2157664522528648,2.75857571487836,364.8959999999998,0.0012276997514213,1.7780751704332687e-08,5.270200000000001,441.9584796173213,0.4578368289590457,0.0010359272422049,0,2,0,0,-3.03
cyfluthrin,1.268386,-1.2802371173907237,364.9122504945014,5.48177845159154,268.5388836708798,0.32957587,0.0140203297624637,0.5751874985968232,-0.0870386224572256,0.4008482072004087,4.680830977333681,434.28840316299977,0.1181495489135913,0.0296059992806793,6.317080000000003,680.9807497749122,19.371177731576463,0.0284459990065494,8,157,0,4,-7.396
isouron,1.1269367,-0.6680123961490133,194.2281606922979,5.869537705960481,157.43052275284478,0.39310032,0.005971594673136,-0.1010643010554106,-0.1437392461559047,0.3986020865647689,3.2827266823203174,211.26500000000013,0.1602294505526643,0.0060604970078152,2.0656,447.5205114474092,2.766781192274922,0.0061824678903015,3,23,1,3,-11.3
beta-pinene,0.22405988,-0.6499408483505249,135.02169799804688,6.546009540557861,127.34851455688477,0.104248725,0.003149677067995,-0.0824532508850097,0.042002422735095,-0.0273113586008548,2.0276274987531204,136.23800000000003,0.0218837838261828,4.312650417337416e-07,2.9987000000000013,338.99533769719363,0.372239836448955,0.0010980677167349,2,2,0,0,0.387
4-hydroxy-4-nitroazobenzene,1.8631034,-0.577553286364204,210.69079469379625,3.3223914535422074,155.45227211400083,0.6376684,0.0006951053969954,1.570883528182381,-0.5771084208237497,0.3597737189970518,4.117684879289279,243.2220000000001,0.2092278848004985,2.9046883752724944e-05,3.715800000000002,460.86623103571446,3.303271154325277,0.0071675269999751,4,38,1,5,-12.3
camphor,0.840447,-0.7299290895462036,136.5888671875,6.373939514160156,134.87644958496094,0.34479678,0.0114219039678573,-0.189358651638031,-0.1582655161619186,0.1088147163391113,2.0169097798547746,152.23700000000014,0.0064372298559715,0.0,2.401700000000001,336.9571655520928,0.0,0.0,3,1,0,1,-3.37
decafluorobiphenyl,7.086918e-05,-0.5589512586593628,175.39112854003906,4.841552734375,150.986572265625,3.5050958e-05,-0.014485727995634,-0.0653650164604187,0.0047400402836501,0.1443649977445602,3.3232514213781355,334.1160316299999,0.0894056718294193,0.0,4.7446,435.0260041174869,0.0,0.0,1,1,0,0,-1.66
n-nitrosodiphenylamine,0.952016,-0.5856664478778839,176.66808319091797,4.753859043121338,142.66551208496094,0.5035618,0.0001608207821846,-0.1149675846099853,0.0562645588070154,0.2184294536709785,2.8428160315585336,198.22500000000008,0.0922426972864961,3.509904102916295e-07,3.5061000000000018,405.7895200737605,1.3527348398018546,0.0033335874212719,3,2,0,2,-1.82
flamprop-m-isopropyl,1.3294543,-1.1911514736293407,302.60061679797224,5.248353917946976,245.0466967807727,0.48417673,0.0152064068818443,0.1301946897854965,0.1854966324701737,0.3747934689012806,3.7545567558770334,363.8134031629998,0.0579804024694019,0.0192754487429764,4.466000000000004,590.031218497189,12.789908256715089,0.021676663633648,8,178,0,3,-8.17
fenpiclonil,2.3867977,-0.5437673926353455,192.43004608154297,5.033963203430176,124.835205078125,0.79428715,0.0041512378957122,0.1385901570320129,-0.0420656092464923,0.4127240031957626,2.844529126391989,237.08300000000008,0.067100469246806,6.823802078947948e-10,3.8601800000000015,413.8683466501982,1.247881107650386,0.0030151644061465,1,2,1,1,-9.07
arbanol,0.58216465,-0.9745386997858684,179.50522054036458,7.2934965133667,173.8453826904297,0.22598495,0.0132365079596638,-0.3560892184575399,0.0470812772711118,0.0747969215114911,2.660833865351917,198.30600000000015,0.0811934151654626,0.0104945687090083,2.2101,410.4471892218581,3.3058702933577413,0.0080543133932166,7,15,1,2,-4.63
bornyl-acetate,0.6635627,-0.9329458077748616,174.71387736002603,7.053560892740886,169.35084025065103,0.24818617,0.0148287825286388,-0.5628834962844849,-0.0839430962999661,0.021353875597318,2.519441713778256,196.29000000000016,0.0685009156045999,5.162603226213456e-07,2.7643000000000013,401.1136300598359,1.7808735845815358,0.0044398231601251,5,3,0,2,0.0354
azoxystrobin,1.7444718,-1.2000063314437863,352.68352392578123,5.416534496307373,276.7431179199219,0.54280454,0.0476232411265373,2.050951033592224,-0.0979077715501189,0.6222328028678894,4.053597373727044,403.39399999999983,0.0871771572221848,0.0193106748638515,4.093180000000004,651.8464306226582,22.705856227576827,0.0348331373171556,9,125,0,8,-15.7
fluoranthene,0.005063683,-0.6982157826423645,205.7234344482422,4.106557846069336,165.1892547607422,0.039145708,-0.0052441749721765,-0.0034461021423339,0.0688175559043884,0.2674140632152557,2.71739707737219,202.25600000000009,0.0851918485935562,0.0,4.487200000000002,388.7022936644778,0.0,0.0,0,1,0,0,-4.31
dimethenamid,1.3150017,-0.9473533256659432,225.04525805276535,6.15073713802156,174.10525452144563,0.49291074,0.0109115131014573,0.7194542208361248,-0.0439409552112458,0.312036201712631,3.015295260545495,275.79099999999966,0.0294427503789511,0.0088998531387323,2.9716400000000016,469.54248897840495,7.47395311088813,0.0159175224528655,9,126,0,3,-10.087
diphenadione,0.85487634,-1.1918928408231892,321.61045362128584,4.124026896523648,257.993679359311,0.2396827,0.0168145175901104,0.2576433156357436,-0.1387700268113222,0.4351543114810693,3.715380373252121,340.37799999999976,0.0700386283999622,0.0031653726008422,4.083000000000003,577.5214354094101,13.834111756367138,0.0239542827472022,4,61,0,3,-11.2
flusulfamide,0.8843773,-0.960082709789276,254.43565368652344,3.3690997123718263,185.41387023925785,0.30631068,0.0125516522675752,0.6778583288192749,-0.4243824183940887,0.3658446192741394,3.625914370125835,415.1642094889999,0.0397400285669042,0.0133092086116745,4.7212000000000005,528.1434834894497,0.6817217051098727,0.0012907888223967,4,5,1,4,-9.551
alpha-cedrene,0.036147285,-1.1947294473648071,202.1827392578125,6.690499591827392,193.04358520507813,0.10594108,-0.0033188320696353,-0.6028148889541626,-0.1072572901844978,-0.0450673721730709,2.50918009362478,204.3570000000002,0.04447950133502,0.0001301011538073,4.415000000000004,413.39857393880567,2.8594036464918777,0.0069168202958415,4,5,0,0,0.216
6-2fta,1.0295523,-0.8040025741626055,224.7574685903696,8.566109261145959,204.49400337414863,0.3299133,-0.0292526802668968,-0.3288877239594093,0.1113685924464311,0.4197398674793732,3.900697961513978,432.1812411189997,0.1295736224745518,0.0289639732943721,5.234600000000001,537.9698568263917,10.433559920602631,0.0193943206821151,9,195,0,2,1.733
fluxofenim,1.0520536,-0.6768599366530393,215.33285013834637,6.192643006642659,171.40088516626602,0.28792098,0.006772893289916,-0.1764710285724737,-0.265732209269817,0.3085475418812189,3.654471037642729,309.66920948899974,0.0616036259608804,0.0166291698649237,2.9959000000000016,503.40159780906106,10.219351436980952,0.0203005939620738,4,39,0,4,-5.2
cyazofamid,1.7998886,-0.9512571632862092,261.94723358154295,4.337533164024353,181.23260803222652,0.5657074,0.0088183501269668,2.110645896196365,-0.1705711476504802,0.4160399228334427,3.230294096651548,324.78299999999973,0.054509649908399,0.0045514972798095,2.0381,512.9645574995112,8.53684501945245,0.0166421732157598,6,20,0,5,-6.54
mirex,1.3185884e-07,-1.1129590272903442,299.93951416015625,6.541302680969238,117.11331176757812,4.36829e-08,0.2139499932527542,3.995452880859375,0.2114247679710388,0.6757824420928955,3.006253849479533,545.5100000000001,0.0036568302419978,0.0,6.222999999999999,476.27219522124346,0.0,0.0,0,1,0,0,-2.01
pfbsa,0.60860234,-0.4194283552467823,114.45929050445557,7.500186312198639,104.10830936431884,0.3742959,-0.0214624776970595,-0.2931896552443504,0.2081725995987653,0.2477318312972784,2.4771380237520857,299.1106284669999,0.0573712671705271,0.0209556781223021,1.7006,353.62497658649966,5.170126370772715,0.0146203653957911,4,40,1,2,-6.672
trinexapac,0.89227504,-0.6767458654031521,178.03283666595212,5.3415723350959095,157.07628885904947,0.30319798,-0.0031372617657591,-0.2499121131935739,-0.0059237199555325,0.4487988910054772,2.8740872066236585,224.21200000000007,0.0844830290423307,0.0269468762077232,0.8412999999999999,409.0514175902744,5.7258569822557535,0.013997890573236,3,123,2,5,-13.6
fluthiacet-methyl,1.6830717,-1.0507301472603006,313.45817549685216,5.0890787738434815,215.8589693434695,0.49151456,0.0087145033510441,0.0873558169349711,0.3201853991188901,0.6086549338825206,4.1540264531444375,403.8714031629999,0.1091596467027951,0.0198780192533722,2.795100000000001,604.3250841311035,16.62279072533488,0.0275063722520058,5,188,0,8,-9.65
linalool,0.4214776,-0.5935933247525641,159.59547748971494,6.975156581148188,139.24069246332695,0.11387645,0.0055232355172963,-0.1396576762199401,0.2358998459704379,0.1779158356341909,2.791192051161547,154.25300000000016,0.1177367785543184,0.0200752246550203,2.6698000000000013,396.98465503529366,6.178981723096396,0.0155647873153864,8,47,1,1,-3.68
diethofencarb,0.68455565,-0.8397887281651767,249.96419280430052,5.268731369162506,205.80559755721185,0.26155177,0.0095365698326308,-0.5364317489120195,0.0798857468619661,0.2714655854791965,3.904950353276861,267.3249999999998,0.1454198004244202,0.0082586090453412,3.440900000000002,552.2345845931263,4.900275862051909,0.0088735403373229,10,53,1,4,-6.1
hydroxyethylmethacrylate,0.7196206,-0.3020580261945724,105.08963658259464,6.45991928760822,96.28437218299278,0.2485159,0.0033923181203695,0.0111163143928234,0.0008230349765374,0.2835635072909869,2.348585106539393,130.14299999999997,0.1226135495976974,0.0183948935244688,0.098,327.0628904511983,4.58394370325366,0.014015480927628,5,26,1,3,-6.9
chlorophacinone,1.1455399,-1.2215164518356325,341.66778686523435,4.092834630012512,258.2757489013672,0.30725136,0.0158027241006493,0.3717131853103638,-0.118606960773468,0.4493091011047363,4.048528824648473,374.8199999999999,0.0736383493355237,0.0170685626132731,4.736400000000003,599.9911430130393,16.072428854417964,0.0267877768556804,4,50,0,3,-13.468
tricyclene,0.12636943,-0.6718367338180542,132.31143188476562,7.348805427551269,128.09840393066406,0.075793035,0.0057316343300044,-0.4199854731559753,-0.210741713643074,-0.0779113322496414,1.9089294959670784,136.23800000000003,0.0066098383722758,0.0,2.688500000000001,329.35984133745853,0.0,0.0,3,1,0,0,1.25
hydramethylnon,1.7359147,-1.4545804450740922,459.7899838894774,4.320634300425901,327.5691264524298,0.20488313,0.0006064887732099,-0.5684795042889267,0.270953182783504,0.4827200206322858,6.064249443686362,494.48541897799976,0.0697728539873514,0.0073608440911426,6.3818000000000055,804.8737907752488,5.259762507115477,0.0065348910194346,7,177,2,2,-5.52
cyhalofop-butyl,1.5124162,-1.0694467564991543,325.0211097935268,5.468285751342774,258.30795601981026,0.3812451,0.0103816284611821,0.0484709630693708,-0.0404138070344924,0.4375192259039198,4.899271375546292,357.3814031629997,0.1561507947149894,0.0312302455709333,4.600280000000004,654.5846578663486,13.49452085795027,0.0206153943508794,10,175,0,5,-8.296
"2,6-dimethylnitrosomorpholine",0.6622285,-0.4623592462804582,113.03492115162037,5.8874399750321,103.02343382658782,0.1922758,0.0036540342563832,-0.5948422374548735,0.1373842463449195,0.2310971755672384,2.190319607042869,144.17400000000012,0.0558736013500038,0.0088741353875071,0.7769999999999999,329.67039029826395,3.964607510935625,0.0120259739048711,3,27,0,3,-6.74
thiazopyr,1.6425898,-1.199965094265185,290.06977121453536,4.830726518965604,233.41510023150528,0.5926899,0.0070605168666429,0.8267165759676381,-0.2338941665202902,0.285932562068889,3.499971297723522,396.3760158149997,0.0487422219934556,0.0034158328092498,4.516500000000004,556.7224296400783,5.013717749430255,0.0090057764560907,8,114,0,5,-6.43
1s-endo---borneol,0.33625603,-0.7862461805343628,141.09669494628906,7.328933477401733,140.3082275390625,0.105209604,0.0123512065038084,0.3457945883274078,-0.0332480259239673,0.0464652478694915,2.0394139451480147,154.25300000000016,0.0110686677265409,5.504543365564274e-07,2.1935000000000007,341.1546533788468,0.856142090277757,0.0025095424664397,4,2,1,1,-4.16
pirimor,0.43294898,-0.7370209710018055,214.74953357593432,5.798009369824384,174.0709414095492,0.22969517,0.0130371904957133,-0.3167092574609292,0.1671002305842734,0.3352105311445287,3.106013778586259,238.29100000000017,0.08058586969698,0.0021849518631253,1.2198399999999998,487.9246083464428,2.399665137209585,0.0049181063962769,8,37,0,5,-10.2
mannose,1.0049886,-0.5096944708573191,121.42725356252568,7.188069614611174,119.92762957121197,0.3504917,0.0002413167569198,0.4565739010509692,0.563636724258724,0.5802164877715864,2.5018180632229083,180.1560000000001,0.0736048843111211,0.0284571544583456,-3.3787999999999987,346.92158243045026,5.349569932024576,0.0154201127947899,10,95,5,6,-17.0
peroxyisobutyrylnitrate,1.0747596,-0.2576193491426798,89.38415974837083,6.362097194561591,86.11158789121188,0.38101304,0.0049232093509859,0.282828041853813,-0.2320993350675473,0.3854691380491623,2.318689622442399,149.10200000000006,0.1211826355635383,0.0071227024176153,0.3088999999999999,320.2470541330492,2.724475027793415,0.0085074163606873,5,104,0,5,-1.9
"2,3-benzfluoranthene",0.013039013,-0.9207947254180908,268.9439697265625,3.992471933364868,204.97637939453125,0.034276225,-0.0074522998183965,0.0797494649887085,0.098819576203823,0.2974482178688049,3.220888457614622,252.3160000000001,0.104370276348875,0.0,5.640400000000003,432.10033039782576,0.0,0.0,0,1,0,0,-6.23
perylene,6.68173e-05,-0.9604816436767578,256.1589050292969,3.863299369812012,204.97601318359372,5.843139e-05,-0.009142568334937,0.6027847528457642,0.1194174662232399,0.284729540348053,3.035387136071897,252.3160000000001,0.0806332817130323,0.0,5.737200000000003,413.5119566337061,0.0,0.0,0,1,0,0,-5.22
biphenyl,0.000115753275,-0.4796516597270965,158.4150848388672,5.666027069091797,129.53142547607422,1.6575505e-05,-0.0038854638114571,-0.3956561088562011,-0.0250879097729921,0.1039045229554176,2.6487934888471,154.21200000000007,0.1442295074670153,1.922645496144071e-07,3.353600000000002,365.16646911351137,0.8144580401553299,0.0022303746620891,1,2,0,0,-2.66
dioxacarb,0.9626929,-0.6206348356273439,183.13777542114255,6.673095689879523,158.19469833374023,0.22931793,0.0061269400951762,0.086429465148184,0.1512822198371092,0.3918913784954283,2.8069292130864225,223.2280000000001,0.0492750941123719,0.0029353909144061,1.4502,434.0182006864604,3.927267686261037,0.0090486244126387,3,36,1,4,-12.6
tolylfluanid,1.2616488,-0.8609333569115966,235.19546174655,4.28294144233648,157.29327192097685,0.58367854,0.0100199436109485,0.2634115064666219,0.005294091646036,0.4559359417779602,3.132238896863593,347.24440316299984,0.0434317852978432,0.0082126714380407,3.314420000000002,499.9769085350584,5.868599864637539,0.0117377418125821,8,137,0,3,-6.15
flubenzimine,1.2757154,-1.0375439249552214,303.6134936992939,4.16502385873061,224.7366213676257,0.36626574,-0.0232553255195036,-0.3163253214114752,0.4676350190853461,0.6146525465525113,3.7582474040612,416.3454189779999,0.0468118433574804,0.0068075778550734,5.764100000000003,590.2168716711503,10.23462138372227,0.017340441920516,2,78,0,4,-5.076
norflurazon,2.2710004,-0.6993973784976535,227.1576109992133,4.3005460898081465,164.42885420057507,0.73147833,0.0012610262298646,-0.5991558904449145,0.2224515465916031,0.4456706734167205,3.755920025143616,303.66920948899974,0.1410846457807651,0.0047769000753861,2.946400000000001,478.1736375386589,4.537528507303371,0.0094892903980649,3,72,1,4,-10.7
ferimzone,1.2927829,-0.8285715192556381,256.6418228149414,4.893013048171997,195.2563415527344,0.39406356,0.0044376415200531,0.2037562042474746,0.3626920774579048,0.4387726068496704,3.702804868968188,254.33700000000013,0.1370526834030478,0.0002614710626207,2.659860000000001,529.4716980914689,4.142154497441991,0.007823183963133,6,20,1,3,-11.7
metalaxyl,1.4340578,-1.0860963326234083,241.16710095527844,6.300153927925305,213.86797547951724,0.5710748,0.0164635995498452,0.3991580406824748,-0.0184975955157707,0.3865803014009427,3.0744024347528027,279.3359999999996,0.0316588087545768,0.0095522462219383,1.84434,504.726613644772,6.588335763461852,0.0130532759425654,10,39,0,4,-9.43
methyljasmonate,0.97525615,-0.8019771006974307,211.37380582636047,6.508431361480192,183.47866439819336,0.28081882,0.0071071882689879,-0.2419396185062148,0.0277699887202205,0.3222383284433321,3.398682243396996,224.30000000000013,0.0982856645742925,0.0345058350665581,2.501100000000001,485.7107929620269,8.78546515276928,0.0180878524423815,7,176,0,3,-6.95
diacetylmorphine,0.84708434,-1.579655609812055,318.6965811593192,5.611869035448347,276.6548348563058,0.43732437,0.0018360747822693,0.2042085153715951,-0.0345245851469891,0.2773341485432216,3.392251868081311,369.4169999999997,0.0480597450809341,0.0081824294780902,1.9886,570.9419056645878,8.103616597334451,0.0141934170831298,5,35,0,6,-14.5
penoxsulam,1.9821484,-1.2569672548882316,328.148627165322,4.195289112697138,255.5860947938723,0.8134825,-0.0029860142983983,0.0199374161033986,0.250743426138831,0.8213856537765432,4.00130042154702,483.3700158149999,0.0502539534938494,0.0184558811292143,2.6050000000000004,639.0554002454071,21.50429729681883,0.0336501300021263,10,107,1,9,-22.3
trans-ethylcinnamate,0.67645687,-0.4660361674096849,174.5805409749349,5.013132148318821,138.45717027452258,0.20630357,0.0005687368619773,-0.2671182950337727,-0.0432656506697336,0.1988388498624166,3.311262362490014,176.2150000000001,0.1802915905857115,0.0072033898090444,2.2629,412.3416938168815,2.94094594531307,0.0071323031102916,4,9,0,2,-5.12
kappa-bifenthrin,1.026231,-1.3631791934370994,371.0657562255859,5.808236849308014,286.2442922592163,0.318421,0.014395675365813,-0.2930992111563683,-0.1188003202783875,0.2595221419818699,4.923981477656644,422.87220948899954,0.1380177866545985,0.0386552382883737,6.6624200000000044,678.3660539240418,14.800828302126284,0.0218183504562325,8,160,0,2,-5.99
pentaerythritol,0.83756214,-0.4244560466872321,97.91127098931209,8.604307492574057,99.40641615125868,0.2667738,-2.447174241145452e-05,-0.0369273490375942,0.7089298764864603,0.4446226490868462,2.038204947061075,136.14700000000005,0.0219249985776564,0.0081997525357913,-2.058,305.48861280377184,4.7220024184594935,0.0154572125458981,8,9,4,4,-19.4
phenmedipham,0.86192435,-0.8273482082495048,278.4664716578242,5.436492215341596,215.36724557449568,0.33999538,0.007202354384892,-0.3761072834925865,0.0218235062185063,0.4781966543019707,4.508061702714822,300.31399999999974,0.1597564874499971,0.0079534188370747,3.784220000000001,571.4369605044944,2.494074160503165,0.0043645657052026,5,67,2,4,-14.3
sulfathiazole,1.5423934,-0.6006085574626923,190.8547096252441,4.066576957702637,133.80738830566406,0.57377815,0.0022572702728211,0.7349081337451935,-0.1937349997460842,0.5500228106975555,3.0451069743236188,255.3100000000001,0.1058519517506605,0.0410410664876874,1.5260999999999998,427.2186768624769,5.924734842699824,0.0138681550306074,4,4,2,5,-15.9
dibenzylether,0.31986064,-0.6272337767812941,193.9263916015625,6.070127964019775,162.9875200059679,0.14050418,-0.0001366585493087,-0.435303529103597,-0.1282719266083505,0.1456111876500977,3.313010587446408,198.2650000000001,0.1550792054828372,0.0110611311496134,3.403400000000002,436.3581766707756,4.394989499256487,0.0100719769543184,4,9,0,1,-4.87
metofluthrin,0.75201213,-1.0489129963674044,296.4342551783512,6.413778287486026,244.8669105128238,0.24746762,0.0053694576270094,-0.5986643654735465,-0.3454526318531287,0.2564804980629369,4.169174816409522,360.3486126519996,0.1214233558081403,0.0225250259814982,4.280900000000004,611.2700295037096,11.77476959639663,0.0192627955372792,10,190,0,3,-4.721
syringylacetone,0.9050526,-0.6975439786911011,197.39455694901315,5.00434210425929,169.67281381707443,0.24615428,0.0050772225582285,-0.060269650660063,0.1677007549687435,0.3302485346794128,3.1694770054861627,224.2560000000001,0.07468939332847,0.0162113878512287,1.9309999999999996,457.3723009930288,8.153683196384177,0.0178272343530231,9,19,1,4,-12.9
thujone,0.8712943,-0.636058087532337,142.7274169921875,6.350688604208139,134.4656465970553,0.25691488,0.0013750255681001,0.035073140492806,-0.029847222738541,0.1231445698783947,2.341508994266168,152.23700000000014,0.0763958159429367,0.0062918148401185,2.2576,359.0175517354641,1.499562378400086,0.0041768497700218,4,13,0,1,-3.27
"2,2-dimethyl-3-hexyne",0.07684978,-0.381534993648529,125.98950958251952,7.95186448097229,104.64419937133788,0.0042798426,0.0078608975745737,-0.0223316252231597,0.3188855051994324,0.0552193969488143,2.409604745871375,110.19999999999992,0.1187648269858957,1.639575206935362e-06,2.445900000000001,352.3754775445997,1.358072157377677,0.003854048433906,1,2,0,0,0.627
kepone,0.6087385,-1.0398006439208984,272.4754333496094,5.666783332824707,117.43368530273438,0.13309234,0.1639744043350219,2.575740098953247,-0.4522191882133484,0.4180622696876526,2.9397975865135706,490.6089999999999,0.0017695233141344,0.0,4.618199999999999,462.588507596014,0.0,0.0,0,1,0,1,-7.368
pcde-187,0.3745382,-0.7735870122909546,273.40748901367186,5.346259021759034,136.27132263183594,0.15449981,0.0137057397514581,-0.3023104548454284,-0.150991204380989,-0.0189787745475769,3.701829449874704,411.3049999999999,0.0656807827181521,0.0164913551563629,8.052699999999998,514.6467816676767,4.68278616383464,0.0090990293355384,2,5,0,1,-1.72
camphene,0.21955523,-0.6638863980770111,133.16345977783203,6.757196664810181,127.9436492919922,0.1166731,0.001802107784897,-0.4076166152954101,-0.0945611149072647,-0.0305884033441543,1.9633561218498143,136.23800000000003,0.0142696199926556,1.5139879699921368e-07,2.9987000000000013,332.9791655603843,1.6382006087698642,0.0049198291611214,2,2,0,0,0.333
indoxacarb,1.3217424,-1.477599727820201,404.9904772287392,4.767841893506337,308.89200876994306,0.6241149,0.0117357328915631,0.404763211327863,0.2805065964629133,0.5180438791053841,4.989855139800532,527.8372094890008,0.1037683763786522,0.0293267641587683,4.093300000000004,730.5085279119543,12.285972898619397,0.0168183839465049,5,166,0,8,-10.3
alpha-neoclovene,0.14082815,-1.2196598649024963,201.36165618896484,6.649622917175293,192.72413635253903,0.102113396,0.0060584116727113,-0.310169517993927,-0.1492954790592193,0.015271320939064,2.436430421033486,204.3570000000002,0.0233963178655212,1.627532180692448e-07,4.559100000000004,410.003493416792,1.0582753662523032,0.0025811374372278,4,2,0,0,0.196
alpha-pinene,0.07267883,-0.634563148021698,135.86105346679688,6.725793361663818,127.67585754394533,0.062542416,0.0025744484737515,-0.4188570380210876,0.002481073141098,-0.0140004120767116,2.052617269218954,136.23800000000003,0.024933947873419,0.0,2.9987000000000013,343.2584542906011,0.0,0.0,3,1,0,0,1.04
disperseblue1,6.570391e-05,-0.8718230128288269,232.6287841796875,2.35095763206482,184.4488983154297,4.3076587e-05,-0.0074353832751512,1.3881967067718506,-0.540584146976471,0.3387529253959656,3.063449845970546,268.2759999999997,0.0730436592429837,0.0,0.7908,438.9625167012049,0.0,0.0,4,1,4,6,-6.91
metominostrobin,0.9805288,-0.8657751545614126,254.34250282754704,5.569819537960753,205.94663472078284,0.3354322,0.0266604808596323,0.9595802973727792,-0.1599238485249937,0.3919973014568796,3.2614911990580664,284.3149999999997,0.0486241929457443,0.0204048580448787,2.5754,530.4870292597666,10.275332204882265,0.0193696200625683,7,49,1,4,-10.6
3-methoxyphenylmethylketone,1.0159042,-0.4113751575350761,133.9587745666504,5.075674414634705,115.86946487426758,0.3007656,0.0008056671358644,-0.103454515337944,-0.0667156502604484,0.2262202091515064,2.509656574474275,150.17700000000008,0.1072416814310855,0.0145218698558018,1.8978,347.70049134113947,1.677697760595315,0.0048251233529298,4,4,0,2,-6.37
2-adamantanone,0.902332,-0.68449866771698,129.62928771972656,5.889011383056641,130.2012481689453,0.29998052,0.0041878195479512,0.0528866052627563,0.1596134752035141,0.1430601477622985,1.9333938314024008,150.22100000000012,0.0097724538566572,0.0,2.0116,322.11322089187456,0.0,0.0,0,1,0,1,-4.83
4-ethenylcyclohexene,0.14585233,-0.4010063848074744,109.14856226303998,6.966456497416777,99.63188979204963,0.058347087,-0.0034735503003877,-0.0794142116518581,0.0544608948642716,0.0603840333573958,2.0121489759062667,108.18399999999993,0.0787128308844815,0.0293322641744599,2.5287000000000006,307.56854281526086,3.313823671874671,0.0107742607275188,1,17,0,0,0.359
endrin,0.23771308,-1.0865075588226318,240.09234619140625,6.136300086975098,144.8043212890625,0.20547573,0.0647984147071838,2.085921287536621,0.2781901657581329,0.2266170233488083,2.7964877918162205,380.89499999999975,0.0054544975448451,0.0,4.481400000000002,439.5465120806013,0.0,0.0,0,1,0,1,-4.87
piroxicam,1.3872099,-0.976343744330936,277.3969455295139,4.320182694329156,204.79691229926212,0.57387424,-0.0009631659421655,0.5817436244752672,-0.0182620603591203,0.5300883948802948,3.675080306203994,331.34599999999983,0.1270663058125423,0.0026529303283144,1.5810000000000002,522.6054255390052,2.1718512107695607,0.0041558145105928,4,9,2,5,-15.8
pyrametostrobin,1.141341,-1.284783891269139,358.9985055864228,5.4156994227296815,277.67891299798623,0.49172056,0.0269595210943718,1.0881939137944523,-0.001724993983596,0.4238734861708575,4.275567627394919,381.4319999999997,0.1097452160673021,0.0187118302175328,4.108720000000004,656.2190487736514,16.772525050174956,0.0255593388846599,10,161,0,6,-10.553
pentylcyclopentane,0.030185854,-0.6256512521128905,149.66181745027242,8.040744141528481,139.62195045069643,0.040095564,0.0030493936685257,-0.0707369885946574,0.01211021521962,-0.0377425085263032,2.8024819428102985,140.27000000000007,0.1492090456774447,0.0253619940333427,3.7569000000000026,384.1664643851552,5.813898782583817,0.0151338008951113,5,76,0,0,2.57
fluoxastrobin,1.3003374,-1.2500766063038309,366.3918694604801,5.935665245297589,275.1543461280533,0.43617016,0.0268849521003003,0.2783886152732221,0.0830484382112663,0.5114515138955056,4.219368216075571,458.8304031629999,0.0930441323490604,0.0216144377801901,4.564500000000002,676.400283365622,18.34239681137166,0.027117665770487,8,158,0,9,-14.1
bendiocarb,0.67146856,-0.6070272156170436,184.65242440359933,5.552287306104388,158.68325805664062,0.26244166,0.004226520125355,0.3613132919584002,0.304997512272426,0.3100403036390032,2.834847290934364,223.2280000000001,0.0659333710770536,0.0011171732525623,1.9121,442.41772928092087,1.0857959735460825,0.0024542325085182,4,7,1,4,-7.9
picoxystrobin,1.2244705,-1.0220859207212925,291.1708917617798,6.183671361207962,240.76006917953487,0.41530687,0.0205201845732517,0.8468920335173606,-0.1035901516326703,0.3971210930496454,3.80964388227065,367.3242094889997,0.068289320364468,0.0163804366092301,3.8397000000000014,594.0077283872424,16.270286663083436,0.0273906986147436,8,160,0,5,-8.91
dioxydimethanol,0.5059853,-0.1306649804688417,53.90183903620793,8.904848172114445,57.101286081167366,0.16659361,0.0078320732483497,0.0532416093807954,0.4197175181829012,0.3639181542855043,1.834285569874472,94.06599999999996,0.1382316888037767,0.0366796391226079,-1.1658000000000002,248.91535807804868,4.4834832668691815,0.0180120796944291,5,26,2,4,-9.6
"2,4-dinitro-n-phenyl-benzenamine",1.7258047,-0.6742948837140027,207.6792485854205,2.988923521602855,159.85995662913604,0.6576878,0.000690234660664,0.4723838304772096,-0.7915272852953743,0.3190521238481297,3.4567825005347625,259.22099999999995,0.11314978662601,0.0045550610117349,3.2466000000000017,456.0026905866986,2.6257707944948927,0.0057582353102271,4,34,1,5,-10.2
pyrene,7.0733016e-08,-0.7196020483970642,199.064697265625,4.192914962768555,165.331787109375,2.32126e-08,-0.0062138140201568,0.7341058850288391,0.1239974424242973,0.2348527461290359,2.626306905590258,202.25600000000009,0.0790496117149015,0.0,4.584000000000002,381.04619300787806,0.0,0.0,0,1,0,0,-4.32
fenpropathrin,1.2837934,-1.25721025215952,333.291112317537,5.810666781977603,272.0580736662212,0.36225545,0.0200183439411615,1.0926783310739618,0.0310116852780706,0.3478649729176571,4.322546555823362,349.42999999999967,0.1242285401925002,0.0336273851066199,5.268980000000004,639.5843295594617,11.864853743750382,0.0185508824957027,9,95,0,4,-2.91
isosativene,0.24857926,-1.1632746032306127,204.28733498709545,6.643405471529279,192.47594233921595,0.1427254,0.00119733158499,-0.3655191234179905,-0.1140898684305804,-0.0458920023271015,2.6098913549108613,204.3570000000002,0.0633853180906768,0.0071696001475759,4.270900000000004,421.91870850017006,3.4700433183779253,0.0082244357703719,4,14,0,0,0.02
diphenylmethane,0.09799326,-0.5557996034622192,168.54859924316406,5.882228851318359,143.44015502929688,0.06956894,-0.0044862739741802,-0.1567915678024292,-0.0111085698008537,0.1222732812166214,2.800500255944723,168.2390000000001,0.1213968785946419,0.0,3.277400000000002,388.6600018253125,0.0,0.0,2,1,0,0,-3.11
spirodiclofen,2.2398288,-1.50632455544165,347.74935930932475,5.773095568718269,275.3906512344093,0.86541927,0.0193490872747803,0.4123324974935654,-0.0563209239850964,0.2911754308911095,3.753696028466584,411.3189999999996,0.0502506152592577,0.0027697411470615,5.943600000000005,613.7430347280367,9.29387193604085,0.0151429367180666,7,171,0,4,-7.67
15-crown-5,0.8756422,-0.7502412839108202,180.49464416503903,5.933704367603164,167.92932671236704,0.41120774,0.0056819110401872,0.2959002342568823,-0.2736738142164716,0.3621604060193142,2.8563983663777144,220.26500000000016,0.0534361973182654,0.0056930132409114,0.0830000000000008,420.5028858743305,4.536400714435397,0.0107880370547352,0,166,0,5,-12.82
carbazole,0.66657215,-0.5097048878669739,165.33370971679688,4.722203731536865,132.43878173828125,0.25149494,-0.0032381135970354,0.2225253582000732,0.0287328660488128,0.2613023221492767,2.538295811247123,167.21100000000007,0.1281966355378833,0.0,3.3211000000000013,357.98099725426613,0.0,0.0,0,1,1,0,-7.32
bitertanol-b,0.89767855,-1.2736528975622994,322.8363970075335,5.506107820783343,258.67435651506696,0.36865243,0.0173731424446616,-0.0739542160715375,-0.0114211385803563,0.2987287436212812,4.23449980256802,337.4229999999996,0.1301293050990322,0.0108409791647058,3.929700000000004,602.1670348084169,4.324787147290728,0.0071820390311912,6,35,1,5,-13.1
6-2ftoh,0.72988546,-0.6006810676741909,154.63576051786347,9.203320670437504,153.5516949938489,0.19827567,-0.0303278783965226,0.1751018762588501,0.443346339386779,0.4470688832270634,2.9853727807544246,364.1062411189998,0.0902837053625315,0.02264898628652,4.107600000000001,419.85294778307167,6.144405748017881,0.014634661446256,7,154,1,1,-0.873
fludioxonil,2.2874625,-0.5778583117893764,189.7420894077846,4.8305544172014505,150.09622410365515,0.728901,0.0025835690487708,0.1538441862378801,-0.1621790879539081,0.4549354953425271,2.935206778785685,248.188806326,0.0616068476700871,0.0109358260432011,2.87488,419.0086942360213,2.164926879820744,0.0051667827174041,1,7,1,3,-10.5
alpha-longipinene,0.122808434,-1.1658843557039895,205.53084309895837,6.539250453313191,192.29730987548828,0.05199535,0.0012076802862187,-0.5891468524932861,-0.1108458290497462,-0.0458198115229606,2.5290103328065934,204.3570000000002,0.0306908284121143,0.0014885462243808,4.415000000000004,423.9248172610921,0.865090896270448,0.0020406705647941,4,6,0,0,0.101
picloram,1.2973607,-0.3905597031116485,152.05780029296875,4.925078392028809,90.14729309082033,0.45868558,0.0050226212479174,0.085792988538742,-0.1774006336927414,0.4325029850006103,2.7547008961484387,241.45200000000003,0.0732633674965391,0.0,2.3222,365.9607026030267,0.0,0.0,2,1,2,4,-11.96
18-crown-6,0.8380278,-0.8749851750700097,221.3972794382196,5.340734673801221,201.56444292570416,0.3646969,0.0052044051307204,0.1201012558058688,-0.4070109176792597,0.4167177090519353,3.3350785026029306,264.3179999999999,0.059219254872948,0.0080644436997532,0.099600000000001,486.5583664990087,7.990084911840067,0.0164216370778537,0,190,0,6,-15.59
pfhxsa,0.6120711,-0.6044902703978798,153.75539453679866,8.348715361681851,141.04559062610974,0.3995437,-0.0347772725603797,-0.155256021564657,0.2634462286802855,0.3518036668950861,2.995456398593075,399.1262411189998,0.0884572253467966,0.022206949479503,2.9712,419.5754753400851,6.462905884668087,0.0154034405357691,6,110,1,2,-5.376
trans-decaline,0.0045628897,-0.6740654230117797,137.91055908203126,7.523140621185303,134.53543395996093,0.00027289786,0.0020351058803498,-0.4499034762382507,0.0229364592581987,-0.0161017958074808,2.2104784967989306,138.25400000000005,0.0796102940288466,0.0006031743107222,3.3668000000000022,343.91313554686,0.7619094791250087,0.0022154125573409,0,5,0,0,0.238
milbemycin-a4,0.8884127,-2.5836558799550997,526.5699248651061,5.4206418316773695,438.6418244332978,0.35857746,0.0465225263715091,0.2144368339066553,0.147095632109076,0.481881743428683,4.702963938270411,542.7130000000012,0.0642749538064525,0.009670791684057,4.924300000000005,803.8104717057352,13.565370573922724,0.0168763297461604,8,198,2,7,-16.456
triflumizole,1.1242921,-0.9426342291769638,266.81370035807294,5.485925490560096,206.36627127454173,0.3765378,0.0106793898857789,-0.3254626730298684,0.0285793426111827,0.3088828693417942,3.689977425294278,345.7502094889998,0.0674261757160408,0.016080571620964,4.560200000000004,553.5703459002054,10.00145036441548,0.0180671714778206,6,153,0,4,-11.8
coumarin,1.5567801,-0.3580263257026672,121.12672424316406,4.709938049316406,105.45899200439452,0.47962067,-0.0026527252048254,0.0303837060928344,-0.0081959357485175,0.2626087665557861,2.2778353052007576,146.14500000000004,0.1154992408339699,0.0,1.7929999999999997,315.8484641181824,0.0,0.0,0,1,0,2,-7.35
diclosulam,1.5842056,-0.9227946177124976,285.2816937764485,4.602125505606334,192.83100509643555,0.5153586,0.0029866907279938,1.39477884521087,0.5304469006756941,0.7513123328487078,3.828714327932625,406.2134031629999,0.0953720239826825,0.0142286983875239,2.769700000000001,575.951435344327,8.789807977339313,0.0152613700356253,6,24,1,7,-18.83
flurazole,0.94854194,-0.6318432262965611,223.73563058035717,4.860102789742606,160.20936366489954,0.3678611,0.0121211538623486,0.3266068356377737,-0.0310203729729567,0.2741526237555912,3.5403942497037795,321.6982094889998,0.0996837603685692,0.0205374225704096,4.172300000000002,484.2086988075772,8.323689833623884,0.0171902938838603,3,7,0,4,-6.82
perchlordecone,6.685114e-06,-1.112971544265747,299.9389343261719,6.541325807571411,117.11317825317384,5.2730236e-05,0.2139483839273452,3.995338201522827,0.2112822830677032,0.6757500767707825,3.0062521960674458,545.5099999999999,0.00365643857008,4.413681195525321e-07,6.222999999999999,476.5787662373793,0.9327664814424566,0.0019572136811858,0,2,0,0,-2.019
acenaphthene,0.4107505,-0.51796555519104,149.57594299316406,4.991553783416748,130.90411376953125,0.04043894,-0.0024440791457891,0.3893915116786957,0.092703528702259,0.2880964279174804,2.229494879799352,154.21200000000007,0.062347876581031,0.0,2.938400000000001,339.5261660332287,0.0,0.0,0,1,0,0,-2.9
6-2-ftoh,0.72988546,-0.6006810676741909,154.63576051786347,9.203320670437504,153.5516949938489,0.19827567,-0.0303278783965226,0.1751018762588501,0.443346339386779,0.4470688832270634,2.9853727807544246,364.1062411189998,0.0902837053625315,0.02264898628652,4.107600000000001,419.85294778307167,6.144405748017881,0.014634661446256,7,154,1,1,0.119
bixafen,1.993606,-1.0728729810306732,324.9658168853923,5.217328918171439,227.79705092486213,0.5681467,0.007013898629217,-0.0460310253230008,-0.1805528690789472,0.4918408205802428,4.01400604465042,414.2092094889999,0.0430088776642928,0.0092619875810645,5.722900000000003,602.3044525144197,10.784113583824563,0.0179047548773788,5,187,1,3,-10.165
cis-beta-ocimene,0.11707833,-0.4786852995554606,157.1340357462565,5.975236455599467,127.1456190745036,0.047270674,0.0046805932652205,-0.0471118142207463,-0.0037076071215172,0.0859276242554187,2.779916757173128,136.23800000000003,0.1243279109223188,0.0207774655353025,3.4750000000000023,386.458700458888,2.91987388040702,0.0075554616235574,6,12,0,0,0.00501
cymperator,1.438831,-1.2367802946404978,368.7242566888983,5.371135828169909,266.39299670132726,0.42401198,0.0125102763148871,0.4917457906359976,-0.0295642568168907,0.3995349286970767,4.901207899566722,416.29799999999966,0.1343011692728717,0.0348704834788026,6.177980000000003,690.6590238132067,13.655720380019226,0.0197720147123025,8,176,0,4,-7.014
2-methylisoborneol,0.40212816,-0.924437403678894,154.2861328125,7.273022651672363,154.23190307617188,0.107034355,0.0116472616791725,0.0151054263114929,-0.0304511711001396,0.0112826228141784,2.11230588886218,168.28000000000017,0.0113555889255042,0.0,2.583600000000001,352.4567826834257,0.0,0.0,5,1,1,1,-3.2
galaxolide,0.56485766,-1.3206741710503895,262.212766011556,5.895716428756714,230.3323160807292,0.18781716,0.00011717248708,-0.5230962932109833,-0.292712648709615,0.0141237067679564,3.1576159217236643,258.40500000000014,0.0874104936784931,0.0054826978669948,4.525200000000004,494.0471383674228,1.868532381181372,0.0037820933187791,6,12,0,1,-3.1
benzo-15-crown-5,0.8004987,-0.9200001255024312,230.0642764956452,5.056512036988901,202.15571106311887,0.36176702,0.0060915927359357,-0.209144189953804,-0.2562302075499712,0.3385321867847165,3.2199543842163125,268.3089999999998,0.0745034176344902,0.0148333393656837,1.5076,474.9707903344888,5.258085553083082,0.011070334555479,0,172,0,5,-14.39
"1,4-dihydroxy-9,10-anthraquinone",0.26524448,-0.6893021464347839,199.67581176757807,3.475855588912964,166.4390106201172,0.12738657,-0.0051271617412567,0.036462664604187,0.0574290230870246,0.3622530996799469,2.911463581339265,240.21400000000003,0.0811041524512219,0.0,1.8732,399.0499615813746,0.0,0.0,2,1,2,4,-7.47
methylal,0.40615073,-0.1569656754533449,58.54874610900879,8.53561019897461,58.58191617329916,0.16537358,0.001902087436368,-0.1949822505315145,0.1191011232634385,0.136771069218715,1.6523874145409587,76.09499999999997,0.1337903080573348,0.0340334762074713,0.2367,246.19229938057325,1.9317542884547891,0.0078465260421026,4,6,0,2,-2.97
diofenolan,0.46743608,-0.9546308234936928,284.8177375572954,5.841415261946661,231.2796345969845,0.18179598,0.0016297367805173,-0.4646927996866964,-0.1196308199725399,0.2369280083675605,4.660483030818293,300.35399999999964,0.1911747541971075,0.0148863805129384,4.009200000000003,582.2150913391147,5.421731781676773,0.0093122487931506,7,173,0,4,-7.6
gamma-neoclovene,0.13498607,-1.2467364072799685,198.3007049560547,6.66041111946106,192.60931396484372,0.07884069,0.0017284844070672,0.6091132462024689,-0.141551211476326,-0.0431937240064144,2.433080245855175,204.3570000000002,0.0363990840382583,4.949400090881184e-07,4.415000000000004,404.1074379380665,0.9512316850964736,0.0023539078863533,4,2,0,0,0.196
benomyl,1.5681263,-0.9006154403394583,258.9402221368284,5.48675645614157,207.250021953972,0.5848729,0.0040751759019889,0.7120263448783329,0.1399161440453359,0.4179977245476781,3.540436238968739,290.3229999999997,0.0645814363182091,0.0159861943612749,2.5724,537.4122332878743,12.869646304607324,0.023947438311687,6,98,2,5,-12.4
furconazole,1.3853852,-1.133221514889451,276.2599389748495,5.986657607750814,213.0769196807361,0.4849135,0.0095013954226294,0.48578536046333,0.1244860315603799,0.4829030684271796,3.7076798051255846,396.1912094889999,0.0448765597743352,0.0100126326179053,4.195800000000003,548.2491243900589,9.282133107869154,0.0169305023846518,5,122,0,5,-9.497
difenoconazole,1.4287173,-1.2200033904777632,337.5998920864529,5.664638224575255,245.42113717397052,0.4180951,0.0136657486436888,0.5447423967222372,0.0171195607981644,0.4289247939984004,4.44966458620154,406.26299999999975,0.1266645474590585,0.0201427594481943,4.665500000000003,624.870152012307,5.821799654234534,0.0093168150782786,6,144,0,6,-12.9
florasulam,1.9947286,-0.7833766904142168,243.12362755669488,4.760981718699138,182.49801890055335,0.64242053,0.0028906845384173,0.2559270825650956,0.1631531988581021,0.6437343491448296,3.5809083479981294,359.2832094889999,0.0879154328274479,0.0086279106351074,1.3509999999999995,528.2983325837963,4.123909239569205,0.0078060235764895,5,18,1,7,-13.1
flumioxazin,1.2029611,-1.120485405921936,304.1311206054688,3.736503448486328,240.45570556640624,0.27478397,-0.0016009312868118,-1.3499932813644409,0.1405536776781082,0.4509114253520965,3.9134551081930944,354.33740316299986,0.1180402076328118,0.0012551271486664,1.9281,568.3368610344849,4.926245286820572,0.0086678264680102,2,25,0,4,-6.27
flurprimidol,0.802426,-0.9900579028404676,241.0829790555514,5.601148440287664,205.50564369788535,0.27656546,0.0035482969027585,-0.0909072619218092,0.0516594414455959,0.2432275546284822,3.755142080082172,312.29220948899973,0.1143998415287681,0.0073433864038933,3.2671000000000023,504.2595069690021,2.0770246893306528,0.0041189599018473,7,52,1,4,-9.92
indanofan,0.81676984,-1.220119368713514,294.0385304678858,3.8503076376113214,237.46919723105643,0.24397478,0.015978109140971,0.4111337461302766,-0.1239150206236976,0.2927273821778002,3.562758944561907,340.80299999999966,0.0691443566795448,0.0363148508963552,4.431200000000003,545.1574366715789,13.822433145415877,0.0253549382538148,5,113,0,3,-10.3
"1,2,3,4,6,7,8-heptachlorodibenzofuran",0.05372659,-0.7449913620948792,285.75567626953125,4.497302055358887,131.39251708984375,0.03934774,0.0054692314006388,-0.472851812839508,-0.3384233713150024,-0.0132917165756225,3.8641452153173512,409.289,0.1066312560676415,0.0,8.159799999999999,484.1070451057316,0.0,0.0,0,1,0,1,-4.42
fluazifop-butyl,1.1236154,-1.0627875248591103,319.0867067125109,5.904228067398071,261.1047948201497,0.34332705,0.0068763541575107,0.2913047591845194,-0.0075219836603436,0.3758427667948935,5.212014335629275,383.3672094889996,0.1604493372540981,0.031290294170683,5.003300000000004,664.7951995135716,12.422339258495755,0.0186859641399112,10,180,0,5,-7.3
phtalicanhydride,1.5338038,-0.3021848797798157,108.79434204101562,4.242736339569092,98.41796112060548,0.41599232,-0.001555505208671,-0.0340860486030578,-0.2066517174243927,0.292458176612854,2.157392113318888,148.11700000000002,0.06828553571575,0.0,0.9972,299.719226651448,0.0,0.0,0,1,0,3,-8.43
acticin,0.8383341,-1.1772400649582468,347.6222995665015,5.69259346694481,256.6015200731231,0.29322946,0.0114466591863097,0.6905660930930114,-0.1042286904994398,0.2886451220185291,4.7511567756299184,391.2879999999996,0.1323143669327387,0.035239326852608,6.113300000000003,657.4490238025224,15.526793560681703,0.0236167261620963,8,164,0,3,-7.437
nitronaphtalene,1.6099843,-0.4641925309385572,141.75566755022322,4.079910346439907,118.6244637625558,0.53772855,-0.0036164314619132,-0.0736779144832066,-0.3001167433602469,0.2028241519417081,2.4390800654151974,173.17100000000002,0.0683166926446783,4.754238222834488e-07,2.748000000000001,343.3535094902282,7.273533116714171,0.0211838030358655,1,7,0,2,-5.53
vanilin,0.70638883,-0.3689088821411133,122.42637252807616,4.732060432434082,107.87115097045898,0.20047444,-0.0009309775196015,-0.1583090424537658,-0.1116086170077323,0.3301266431808471,2.431711002442603,152.14900000000006,0.0851684380841189,0.0066944508757829,1.2133,332.1117810629792,3.89657697760984,0.0117327273520324,4,2,1,3,-9.04
carfentrazone-ethyl,1.1549335,-1.0068785648055487,303.88332943988934,4.851221292757141,219.9352976997492,0.35034227,-0.0042059062152798,-0.4612223147438262,0.5057902897372464,0.3882227960576866,4.309866698557958,412.19020948899976,0.1139178231544412,0.0193406913336378,3.2430200000000022,604.2169609080062,13.15307862897289,0.0217688007453592,8,197,0,6,-9.442
benalaxyl,1.337741,-1.301455272095544,299.89127458844865,5.96644937992096,256.51282174246654,0.549307,0.0320327553365911,0.947442216532571,0.0257141505634146,0.3744807562657765,3.4789835544130274,325.4079999999996,0.0450614030434333,0.0114938532909597,3.440640000000002,565.5674565204041,10.294527577099736,0.0182021215301809,9,28,0,3,-7.26
gamma-gurjunene,0.29069838,-1.061482738880884,214.5210763840448,6.131927410761516,191.9356140863328,0.13152851,0.0004663755895481,0.2114461263020833,-0.066383378225423,0.0128002696271453,2.789286375134937,204.3570000000002,0.0561048189282596,0.0043010869356559,4.581100000000004,441.5258313495309,6.561372148062483,0.0148606755985432,4,42,0,0,0.119
dienochlor,0.21428722,-0.8710184412844041,277.75857364430146,5.293277347789092,111.20590389476104,0.15024076,0.0773374679334023,0.0841570759520811,-0.3030336551806506,0.3816307239672717,3.265182667484718,474.6099999999999,0.0326118354183157,0.0130432163127343,7.725599999999998,491.6958981207666,1.988474354017048,0.004044114180364,1,17,0,0,-3.61
cocaine,0.71834195,-1.1428575193559802,263.4874589249894,5.662677133405531,231.34185089936128,0.21117444,0.0075436286829613,1.1419337504618876,-0.0688901354332228,0.2516674024833215,3.4238592461687043,303.3579999999996,0.0812670848515653,0.0205221711617369,1.8677,535.5577274961514,3.992289941598341,0.0074544530619755,5,37,0,5,-11.9
bisphenol-a,0.610752,-0.855179991040911,213.52232142857144,5.271204675946917,183.9304918561663,0.17900428,0.0033143165388277,-0.0860186644962855,-0.0879017263650894,0.341906658240727,3.227956683474661,228.2910000000001,0.1007396453692934,0.0001439535048762,3.4237000000000024,450.0404239972455,2.065244637076141,0.0045890202900723,6,7,2,2,-12.0
famoxadone,0.8700792,-1.1759737002295116,341.64137072895846,4.411049501840458,269.9526035397552,0.27111048,0.003830648243947,-0.1227494304956391,0.1359323322513075,0.3547824804866036,4.667108879556484,374.39599999999984,0.1563373878954729,0.0351402129416415,4.700000000000004,642.4774640851448,4.055434567600848,0.0063121818185102,6,172,1,5,-7.8
alpha-humulene,0.24883081,-1.026968953344557,215.2414540608724,4.9844134436713325,191.61242099338108,0.06468986,0.0060924085684948,1.5505115707715351,-0.0134804247981972,0.0387867250376277,2.7472784255947174,204.3570000000002,0.0391878309471913,0.0023465431439077,5.0354000000000045,431.7378706512978,3.502559358618914,0.0081126989238519,4,45,0,0,0.196
quinomethionate,1.7343788,-0.5114011764526367,193.62578582763672,3.3376625776290894,124.7074966430664,0.36282533,0.0087681002914905,-0.6594972610473633,-0.1279234662652015,0.3367172181606293,3.081919785155753,234.29100000000005,0.1575471612087689,1.04092314962001e-06,2.5746200000000004,401.0197999147714,0.2887237714959099,0.0007199738555484,1,2,0,5,-7.64
guaiacylacetone,0.63717544,-0.5198245453834534,154.52111206054687,5.243929615020752,136.01224304199218,0.1747722,0.0032269408553838,-0.0885193943977356,0.1744017839431762,0.3161115610599518,2.7565735737116666,180.2030000000001,0.0898726764276625,0.0085624908384533,1.5322999999999998,389.2036270405638,2.0324803949781467,0.0052221517318139,6,25,1,3,-10.2
beta-ionone,0.9860769,-0.8434545397758484,195.67550210391772,5.700179913464715,170.48748869054458,0.2678352,0.0028732540633748,-1.0353708898319918,0.2017446914139916,0.1426345315926215,2.8319010589848768,192.30200000000016,0.0782993758468681,0.0131103518592911,3.6582000000000026,430.4167353138869,8.42938843993665,0.0195842488182747,6,17,0,1,-4.74
prothioconazole,2.2303545,-1.1147325640050774,267.0418265579093,5.788514605954162,188.4858861417852,0.648361,0.0115553407539796,1.0327257957213964,0.4058601474150633,0.4601326633212912,3.309826871496267,344.25399999999973,0.0466935048758333,0.0171947980983238,3.3392900000000023,502.2837438827872,6.948233189226653,0.0138332830274676,6,117,2,4,-10.6
dimethylhexahydroterephtalate,0.75324667,-0.6632287578923362,166.02975507463728,7.463017456872123,153.85530700683594,0.25210163,0.0057995879889598,-0.3443042252744947,0.0344098967100892,0.2580863786595208,2.972552257888523,200.2340000000001,0.1253158784359518,0.0278301107885777,1.1387999999999998,419.9697811572502,2.5505076791666794,0.0060730742867703,4,70,0,4,-7.36
kappa-tefluthrin,1.0578569,-1.043894837934075,290.7312204347435,5.934004722757543,233.21967559165145,0.31927478,0.0073171987938067,-0.8912743926576688,-0.2284998185668431,0.2650571376719373,4.452532260230488,418.7358221409996,0.1245093048074754,0.0380586837934915,5.551820000000003,600.6735916208927,9.9267142558456,0.0165259708339412,7,141,0,2,-1.364
benzo-18-crown-6,0.8900088,-1.054798637338253,271.8339807381902,4.689734215563443,235.797462107604,0.3734177,0.0061119006744011,-0.1090045361321207,-0.3883071537153708,0.3888888465616987,3.627384920260696,312.3619999999996,0.0716702966909405,0.0146323248249958,1.5241999999999998,539.2268050280618,7.131383479238834,0.0132252021092825,0,193,0,6,-17.88
anycymidol,0.9893948,-0.8985150503177269,233.7969707414216,5.769956710291844,191.49311290067783,0.275986,0.0065084306669293,-0.1883792526581708,-0.0278161976705579,0.3205833230532852,3.282744575113425,256.3050000000001,0.081007457972069,0.0053903945483178,2.1311000000000004,477.9761410207637,3.248797553526197,0.0067969868675622,6,51,1,4,-12.37
triethanolamine,0.78607816,-0.4977576692602528,120.432937963685,6.961523034679356,114.07805388721069,0.2071068,0.0057393543860082,0.0650498548995203,0.5591738328560075,0.423895090151189,2.513029721800089,149.19000000000014,0.0579909300329449,0.0150588412252534,-1.7347,351.6575038212011,7.058364725235383,0.0200717022913982,9,134,3,4,-14.4
flutriafol,1.0756334,-0.9739601740965972,240.12004666715052,6.067012245590623,201.46911992253484,0.36992273,0.0041536781181757,0.3342746206232019,0.0461681816424872,0.3897584048477379,3.294596922167817,301.2968063259997,0.0489402732765208,0.0141123660574098,2.4924000000000013,491.8619587836428,4.679732701265726,0.0095143212799756,5,37,1,4,-15.3
dmba,0.037342757,-1.0381507873535156,272.1337890625,3.6970059871673584,215.0650787353516,0.052048743,-0.0074639488011598,0.5152806639671326,0.0561153143644332,0.2138665467500686,3.280060944169255,256.34800000000007,0.1108270820925155,0.0,5.763040000000005,463.2478818613481,0.0,0.0,2,1,0,0,-5.2
pyriminostrobin,1.2864649,-1.4074323798219364,425.11109431584674,5.761736407876015,304.5369620323181,0.46617797,0.0264787003446447,1.2582888674611847,-0.035456994131285,0.38592145498842,4.849331094086592,528.3092094890008,0.0783162438233843,0.0237707777185562,6.285100000000004,756.127574881444,19.19421301200614,0.0253848869551089,10,192,1,7,-9.977
paraldehyde,0.3909987,-0.3795002996921539,104.19215393066406,8.196316003799438,101.92920303344728,0.12806216,0.0052280608797445,0.0005898922681808,-0.2396637313067913,0.1131107863038778,1.9428946408878007,132.159,0.0384818797814243,0.0069036208249556,1.0878,318.4061462660564,6.506265168554103,0.0204338554542773,3,4,0,3,-4.31
"3,4,5,6-dibenzocarbazole",0.7474956,-0.982204258441925,275.7828063964844,3.8707348108291626,212.26448822021484,0.22228783,-0.0062732156366109,0.2658265829086303,0.0681735463440418,0.3635046482086181,3.2541251400234983,267.33099999999973,0.085897690316773,6.738140767015288e-07,5.627500000000003,474.1151423562852,3.551384391225298,0.0074905525555995,0,2,1,0,-9.16
sulfometuron-methyl,1.9913328,-1.0055194918702288,295.49050307855373,4.797809112362746,224.76860939584128,0.718193,0.0175828219096108,0.828155138143679,0.014890269444483,0.7626618408575291,4.01557256490982,364.3759999999999,0.1145278104892731,0.0221325824288731,1.39044,603.0378096288537,6.159941271884755,0.0102148508327793,7,41,2,7,-20.154
phenoxymethyl-oxirane,0.30896187,-0.3936493860350715,132.69661712646484,6.143905533684625,114.70415581597224,0.12129194,-0.0022270551158322,-0.0688507159550984,0.0910760776864157,0.1832842015557819,2.6994402729494342,150.17700000000008,0.1589159540105237,0.0199067111484589,1.4641999999999995,353.3790297528987,4.111428238438315,0.011634612957405,3,9,0,2,-5.99
flufenacet,1.5016737,-0.9300685596645326,262.17574694640655,5.085052052834876,204.38050326010335,0.5433486,-0.0011610197589585,-0.3878407455924758,0.0195763081844363,0.4531603578786204,4.344336281045626,363.3306126519997,0.1408643936564136,0.0359288727956393,3.516400000000002,560.5196023313881,7.0931431871841335,0.0126545854198165,7,133,0,5,-9.04
5-2sftoh,0.7429954,-0.518735586380472,132.651296810228,8.694338623358279,135.00687984544405,0.14925948,-0.0238092290807743,-0.0969258923919833,0.4107468900631885,0.315885673372113,2.64078289322623,314.0984347929999,0.066408883727847,0.0184889412719674,3.4707000000000003,381.04989188052224,4.810051969451534,0.0126231553188833,6,49,1,1,-0.205
teflubenzuron,2.102345,-0.7507813429010326,265.4389416924838,5.023245383953226,184.22161496918775,0.8166415,-0.0002646645980662,0.0031721787206057,0.1890831440687179,0.5485818401492876,4.30735278761323,381.1076126519998,0.1381358265418031,0.0290446457788439,4.5117,536.978458908909,8.368011303990132,0.0155835139476417,2,29,2,2,-11.2
tonalide,1.0266379,-1.3268032630284627,262.107383219401,5.2213753382364905,230.77012532552084,0.33182642,0.0011823378503322,0.3538179198900859,-0.0035881285866101,0.0849902679522832,3.1267286252579027,258.40500000000014,0.0708275720132243,0.0077101626995157,4.792620000000004,498.5652611589096,3.7950414751143255,0.0076119251997076,8,15,0,1,-3.05
thiencarbazone-methyl,2.7462971,-1.017389076948166,279.9531730651855,4.361222565174103,208.02584075927732,0.7902967,0.0156266444828361,-0.6554057583212852,-0.0270048686303198,0.6092880725860595,3.676718888493271,390.3849999999999,0.0781004002361371,0.0138745138664114,-0.3064799999999998,574.2340673843375,10.357678478214869,0.0180373806893669,8,40,1,11,-14.0
7-1ftoh,0.68289727,-0.6116292833470974,157.68043279323447,9.451900352426128,157.85539795752285,0.16508679,-0.0380378927858102,0.0779902752564877,0.40780552998692,0.4632309304208171,3.0858377305563827,400.0870474449998,0.0959887344595329,0.0211539973594928,4.352800000000001,427.48884003551103,5.885872400849551,0.0137684820037889,7,147,1,1,-0.355
resmethrin,0.67432016,-1.2042318295828904,343.4708244227156,6.046027068850361,275.5429081011422,0.20657535,0.0133750019595026,0.2534175205834304,-0.1535862161294569,0.2625406471234334,4.647846196580188,338.44699999999955,0.1411923076936963,0.0347812009586827,5.1520000000000055,660.1949645912266,17.266192065323445,0.0261531713984128,10,79,0,3,-2.82
pyriminobac-methyl,0.73280084,-1.087413075206044,300.0747422438401,5.551503333416614,244.9915471338964,0.41210523,0.0230414062574669,0.7325501265106621,-0.0271127121625365,0.4268810722854111,3.6864460902241274,361.35399999999976,0.078712884491967,0.0114020810261329,2.4431000000000003,604.8810681055646,10.327722103376464,0.0170739714762804,12,91,0,9,-8.542
hexythiazox,1.2981482,-1.1868058015138676,309.0277486947867,5.217871158550947,231.8492396428035,0.5014728,0.0070765961964543,0.7380554232841883,0.1195418750867247,0.3183227932223907,4.286286035136497,352.87699999999967,0.1346844021551382,0.041895090765484,4.980700000000004,585.0536629991819,5.351231801263888,0.0091465657591675,3,78,1,3,-8.21
etfhxse,1.0530457,-0.9869319972943288,220.96026167577628,8.44420337677002,202.50245985692865,0.34920728,-0.0356805335958393,0.0185663511558454,0.4453525341553043,0.4488559949154757,3.5422045907412225,471.233241119,0.1056187804102707,0.0206636088084047,3.3267000000000024,522.2553308805019,9.676079622660044,0.0185274884726337,11,196,1,3,-4.121
diisobutylphtalate,0.974009,-0.9601021441784534,254.1880367404812,5.4669406073434015,221.36663600376676,0.4189193,0.0095947675795836,0.1434718580036373,-0.0144893935584759,0.2006425479283699,3.4340278391153816,278.3479999999996,0.0574180119141891,0.0237755898674013,3.3122000000000025,543.9506278230431,15.35316769186908,0.0282252963900682,10,91,0,4,-5.37
heptachlor,0.69296736,-0.8558428585529327,228.7081298828125,6.358896017074585,116.85716247558594,0.14470221,0.0691171772778034,1.407541185617447,0.1183808632194995,0.1808312125504017,2.837887551760337,373.29999999999984,0.0082385541578109,4.2385173398190374e-07,5.2415,434.39540003940886,0.6778947967235457,0.0015605478250046,0,4,0,0,-2.61
benzyladenine,0.95786303,-0.6088606390086088,205.0326621315696,5.103090719743208,155.6772890957919,0.3598599,-0.0090946875173937,0.8182863864031705,0.0359476078301668,0.4890942627733404,3.3324665906797577,225.2550000000001,0.1385677395401166,0.025860780985654,1.9649999999999996,439.2212599526464,6.718473675773232,0.0152963307752852,3,11,2,4,-15.6
octachlorodibenzo-p-dioxin,3.1788175e-05,-0.8170373439788818,301.1709289550781,5.06833553314209,136.72500610351562,2.0248832e-05,0.0127900503575801,0.236996129155159,-0.4335276484489441,-0.1317094564437866,4.010039115781509,459.73,0.1039923797245785,0.0,8.811800000000002,521.807731688368,0.0,0.0,0,1,0,2,-4.87
dimethylterephthalate,0.5700013,-0.4640456438064575,167.0382080078125,5.5600786209106445,137.42259216308594,0.17049623,0.0024721417576074,-0.6194586157798767,0.0398385729640722,0.2671674638986587,3.2122220806017845,194.1860000000001,0.1793869503823888,0.0021603642359452,1.2597999999999998,402.0046838705484,4.002668674535357,0.0099567712395716,4,2,0,4,-9.67
glucose,1.0011022,-0.5091284198256639,121.38441415933464,7.199576515417832,119.93415722480188,0.35422772,0.0003185416392695,0.3383923075520075,0.5607396748203498,0.5654219248547003,2.5133876214919573,180.1560000000001,0.076187689020465,0.0274304047270911,-3.3787999999999987,347.32545131104206,6.3807603599215925,0.0183711281043075,10,104,5,6,-16.8
dispersered1,1.7089607,-1.0022813199432032,274.7826520591784,3.312671586966059,217.99985450696036,0.51084965,0.0079476592860593,1.362790732247055,-0.7062846133663396,0.385465622707537,4.146822450423654,314.3449999999997,0.1068867349435177,0.0630315642297832,3.828800000000004,562.7568057603246,14.590442893308218,0.025926728462387,9,157,1,6,-15.7
heptachlorepoxide,0.7158104,-0.9124808982014656,231.63482666015625,6.448795855045319,122.82289600372314,0.053980596,0.0691398242488503,1.854201853275299,0.1571519915014505,0.239322330802679,2.8766487042468,389.2989999999998,0.0082561968206514,2.813904077855091e-07,4.452700000000001,437.41316524734816,0.7162477020984482,0.001637462607449,0,8,0,1,-4.2
imiprothrin,1.3862988,-1.0450773772440458,293.8180161860951,5.525602110645227,237.19772111323843,0.44604278,0.0105019024605944,0.0377286662135207,0.0388792763676559,0.3256109207868576,4.077726327127247,318.37299999999965,0.1238508535801027,0.031888519630612,1.6229,602.8421604665422,7.856127897780423,0.0130318156442484,9,114,0,4,-11.7
