molecule,H_donors,delta_eat,gap,alpha,delta_mu,logP,rotatable_bonds,delta_gap,mol_mass,mbd,dG,y_pred,std_pred,intercept,dom_feature,dominance_ratio,attr_H_donors,attr_delta_eat,attr_gap,attr_alpha,attr_delta_mu,attr_logP,attr_rotatable_bonds,attr_delta_gap,attr_mol_mass,attr_mbd,attr_sum,budget_check
mobley_1235151,0,0.1556492755716701,5.391808977666891,94.3022804980008,0.16286024,1.4742,5,0.2002225670049775,117.14799999999994,-0.3326097996729725,-2.8200000000000003,-3.4035718341570322,0.06540944885913925,-3.8677048876937663,alpha,0.6084873660185769,0.42770222222686716,-0.03578917036067515,-0.441425628866733,0.7254474842346298,0.019752236740542314,-0.3558843867094817,0.3595543873315517,-0.11975296695604679,-0.01666266867236869,-0.0988084554315511,0.46413305353673456,True
mobley_5510474,0,-0.0151369869709014,5.033882141113281,233.0497894287109,0.22961272,6.1982,0,-0.1286934912204742,321.9619999999999,-0.6573733687400818,-3.81,-3.2936494106772067,0.12647615387067582,-3.8677048876937663,alpha,0.8601839611099897,0.3589531388642587,1.4388194663554275,0.4581761391621245,-5.042022490462434,-0.2862227455762059,4.3370668778516315,-0.5108620747149062,0.16383288659799242,-0.7045538141198581,0.36086809305852957,0.5740554770165607,True
mobley_1244778,1,0.1398022016510367,8.36128314336141,104.02522532145184,0.105311275,1.7015,1,0.1647393827637036,114.18799999999992,-0.4623949614663918,-5.48,-4.784443406129012,0.08199648761053627,-3.8677048876937663,H_donors,0.51968303561508,-0.9594228470438754,-0.01935802873653827,0.08605433804817143,0.27858391297923796,0.18289360723029252,-0.09355269596714857,-0.4985957775902238,0.06454408029662465,-0.013707055479078967,0.05582194782729307,-0.9167385184352453,True
mobley_4479135,0,0.1097182035446167,5.195627212524414,187.6915512084961,0.0018101753,3.7481000000000018,2,-0.04553959146142,180.25000000000009,-0.5992423295974731,-2.78,-3.4364112345276263,0.06727209051316235,-3.8677048876937663,alpha,0.5845465626567766,0.43581048524946375,0.3047725796708208,0.2672324288780432,-2.4779249017764298,0.5624990461588976,1.4484624838550428,-0.20854371691700732,0.053215196988539805,-0.2809010320315556,0.3266710830903258,0.4312936531661409,True
mobley_9534740,5,0.6177996468955073,7.923304442701669,121.12167647789263,0.2792172,-3.2214,6,0.4508585914455611,180.15600000000003,-0.5260280668735504,-25.47,-25.32440296704431,0.5870131076631018,-3.8677048876937663,logP,0.722559870605037,-5.529034697089028,-4.986025519000058,-2.429297329148484,-0.41427041399527137,-0.6695330458527158,-7.652009088823711,0.7652742055109386,-0.6603332080596785,0.29435131925979,-0.1758203021523254,-21.456698079350545,True
mobley_8614858,0,-0.0321284352103248,8.836723893880844,108.65225481987,0.013089473,2.976700000000002,6,0.0746361716883257,100.20499999999991,-0.4116202406585216,2.67,2.7836782859307343,0.057407671298199625,-3.8677048876937663,gap,0.5132839452566743,0.31586454165458544,1.4678394526750946,2.8597026387433226,0.11385403813319832,0.7521476705632575,1.221682630530399,-0.04134896934984291,-0.04863216630097897,0.08165104501575575,-0.0713777080402909,6.651383173624499,True
mobley_397645,0,0.1722437292337417,5.865857442220052,133.411376953125,0.2530861,1.8633,3,-0.0401524131496747,150.17700000000008,-0.3870703776677449,-3.64,-5.097411267149213,0.03415047471005749,-3.8677048876937663,alpha,0.616809599246124,0.4789781108627575,-0.06618690294560216,-0.4587457687252815,-0.7765412721335293,-0.332967302804316,-0.03964909184023727,0.0029949912705985924,0.07574784681672275,0.02310398194334056,-0.13644097189989912,-1.229706379455446,True
mobley_4687447,1,0.1876874861121177,7.9745315742492675,90.39251022338868,0.177323,0.4053,6,0.2290641202032566,104.14899999999994,-0.290211820602417,-6.4,-6.4756712143780675,0.04372618007825936,-3.8677048876937663,logP,0.6349572571498457,-0.8311231125521816,-0.33087941864598575,-0.9632513809008257,0.6761231925905615,-0.02298085391478233,-1.5170334224142976,0.6746911719088913,-0.258378322922178,0.0567302211519161,-0.09186440098541901,-2.6079663266843007,True
mobley_4613090,0,0.2887461483478546,5.891391754150391,142.67718505859375,0.35875264,1.9314,2,0.1876318901777267,158.20400000000006,-0.4645447432994842,-7.63,-7.608262256764701,0.06845869605383222,-3.8677048876937663,alpha,0.9792232283660571,0.4559322105044661,-0.7785948306973541,-0.8783392305456793,-1.2444649220311255,-1.2186089585396322,0.006087131466228368,-0.1143664898772635,0.018481108298305602,0.12391401517615223,-0.11059740282503354,-3.740557369070936,True
mobley_5631798,1,0.1291368901729583,5.952503204345703,13.372110366821287,0.0633766,0.1619999999999999,0,0.2910305261611938,17.031,-0.0116443336009979,-4.29,-4.021932759018758,0.05750810130114441,-3.8677048876937663,alpha,0.5157696191748818,-0.9202320892423854,0.087828345072731,-0.6173741022412987,3.7332360027145994,0.4099397014665643,-1.925489711410067,-0.6348181949475272,-0.1291727048887248,-0.2624350418839378,0.10428992403505481,-0.15422787132499194,True
mobley_9897248,1,0.2094768641347235,6.778473268855702,161.40844032981178,0.13277258,2.671400000000001,8,0.1341706551611423,154.25300000000016,-0.5694639181548898,-4.78,-4.909773555777578,0.1296569154269636,-3.8677048876937663,alpha,0.6137706485757942,-1.2124600011450073,-0.5671847939073852,-0.04440203896091771,-2.3647340364079388,0.20250402148616775,1.2831090770469162,1.4514043432353563,-0.027148475131147466,0.049610392737061935,0.1872328429630838,-1.0420686680838107,True
mobley_5538249,0,0.0692484602332115,5.657890319824219,207.0596923828125,0.033896882,5.313800000000001,1,0.0686171278357505,257.538,-0.6180762648582458,-2.16,-1.7670041854474554,0.08376704698786457,-3.8677048876937663,logP,0.9092620018161053,0.40461977431302243,0.7321400925658902,0.46056917242829093,-3.555101009446016,0.5479584318374048,3.9098752640551027,-0.3575725525492487,-0.042923713832393295,-0.42331279090306495,0.4244480337773219,2.10070070224631,True
mobley_9112978,0,0.032094740619262,7.815896352132161,75.12097930908203,0.03244209,1.9725,3,0.0641646819810072,70.13499999999998,-0.2141797492901484,1.31,0.7195539828240118,0.038868761792076184,-3.8677048876937663,gap,0.7592292885938229,0.3698931446928132,0.8459073697042511,1.7365622333229336,1.3184489090046712,0.4736452342846113,0.06029075758433485,-0.020643583528697263,-0.02091479398038229,-0.06573094218786465,-0.11019945837889289,4.587258870517778,True
mobley_2422586,0,0.0526006952859461,8.341463208198547,67.95269775390625,0.104730934,1.0428,4,0.1285692770034074,74.12299999999996,-0.2060361839830875,-1.66,-0.8519279809583595,0.02965924864898659,-3.8677048876937663,alpha,0.8553416160109425,0.3556318162768824,0.6693975665204769,1.294070008590087,1.512927682187665,0.18323223291637386,-0.6546051529459517,-0.0713843863173845,-0.13170153512429222,-0.014472820188872712,-0.12731850517957685,3.0157769067354074,True
mobley_8764620,0,0.2692686319351196,5.933980464935303,86.78276062011719,0.28523463,0.95328,0,0.0115697607398033,104.11199999999998,-0.1980812549591064,-6.75,-6.488225654384334,0.05034152691333367,-3.8677048876937663,delta_eat,0.8619156986302875,0.45456343182873304,-1.10041179551212,-0.6482059253278883,0.8572583181549354,-0.7044023734480432,-0.948462201509838,-0.5381020835112408,0.025154700733016493,0.11644443251832456,-0.13435727061644576,-2.620520766690566,True
mobley_9073553,0,0.0323406234383583,7.552859306335449,49.69407653808594,0.16279025,0.9792,2,0.4789407849311828,62.13000000000001,-0.0936196744441986,-1.61,-1.5002075247769733,0.10365979134553725,-3.8677048876937663,alpha,0.40069283844973946,0.3936440741926992,0.9442048999793329,0.6339350747804005,2.3564306854906976,0.00947447059519647,-0.8305226694069624,-0.29496643511270026,-0.7715464770543522,-0.08357075024087354,0.010414489693354682,2.3674973629167932,True
mobley_8311303,0,0.0893375426530838,5.270033121109009,258.2829284667969,0.24008054,7.274,1,-0.1623513847589492,360.8639999999999,-0.7208772003650665,-4.38,-3.261245425059889,0.09047356300710499,-3.8677048876937663,alpha,0.9231602014154785,0.40706240610266436,0.5449566370669955,0.3697338286789869,-6.812825492942399,-0.3155610135011836,6.289329354273212,-0.34924249576605526,0.19953832758817533,-0.25591678863776685,0.5293846997712482,0.6064594626338768,True
mobley_1036761,1,0.0905010114823069,7.313324860164097,93.12464577811105,0.100031205,1.2778,1,0.2115782839911324,99.17699999999994,-0.3927068625177656,-4.59,-4.619556962617499,0.07515956396962978,-3.8677048876937663,H_donors,0.7523289030974205,-0.9274775853046279,0.34478512995293176,0.037297741771504515,0.697768194399675,0.25840990253982316,-0.5536924950599436,-0.4230160563181176,-0.06414164715132999,-0.06897977811691436,-0.05280548163673341,-0.7518520749237324,True
mobley_5390332,0,0.131214784251319,8.046511146757338,85.4865345425076,0.15009484,0.9595,4,-0.0067499898788001,102.13299999999994,-0.253977507352829,-2.83,-2.587804743268099,0.028807618468774797,-3.8677048876937663,alpha,0.9404259067806676,0.4020389942519724,0.08926572326277486,0.6847681751757726,0.909992533447171,0.06128822583248296,-0.8557805534306928,0.09216209308265835,0.05698889751223178,-0.026495332987467046,-0.1343286117212364,1.279900144425668,True
mobley_3378420,1,0.1166745719694814,8.092882527861484,150.48672627293786,0.11259445,2.7293000000000016,9,0.2399529325234335,144.25800000000012,-0.572543109572211,-3.88,-3.035934311753748,0.10386080510084657,-3.8677048876937663,alpha,0.7720537082927251,-0.8755182084183847,0.1899481416050249,0.3939818037708117,-1.5235799355324204,0.19943967036697424,1.0662737532545798,1.1762855391081963,0.08255478201909527,-0.06580359372291782,0.18818862348906035,0.8317705759400198,True
mobley_5445548,0,0.040532574057579,6.650321006774902,121.41069793701172,0.04220905,2.8100000000000014,3,-0.0373994745314121,120.19499999999992,-0.4226348400115967,-0.3,-0.6263963812737937,0.04495227808938981,-3.8677048876937663,logP,0.9313138392421881,0.5925426676211594,1.0770872010696309,0.022925568482523716,-0.2995419302335342,0.6036870172019505,1.1565244235456211,-0.026201739826519733,0.20342628143974134,-0.03899074218591146,-0.05015024069468913,3.2413085064199727,True
mobley_9838013,1,0.1083740095297495,8.237702369689941,80.63781229654948,0.09444801,1.1673,5,0.3702491323153178,88.14999999999993,-0.3136142293612162,-4.43,-3.7524372299871063,0.07294771627905201,-3.8677048876937663,alpha,0.7051347069332934,-0.7591340006094743,0.21073154985143044,0.058913666661384104,1.0765801103607986,0.30506223445372516,-0.5539539460693106,0.10164219948776823,-0.1969636577322961,-0.03864395397508181,-0.08896654472228371,0.11526765770666003,True
mobley_1708457,0,0.3394148647785187,7.236379146575928,58.54103088378906,0.32677716,-0.3391999999999999,2,0.2943355739116668,94.12799999999996,-0.1406512558460235,-10.08,-8.216619838010446,0.10494787361289075,-3.8677048876937663,logP,0.6853447875709712,0.48052104804197465,-1.8826036157516763,-0.31165335913011494,1.8349662716031847,-1.1537199368366946,-2.7469438009794778,-0.10518588093327497,-0.5880217768713796,0.204839443778248,-0.08111334323746913,-4.34891495031668,True
mobley_1967551,0,0.1802213191986084,6.862848281860352,33.111270904541016,0.18303235,0.2052,1,0.0955396890640258,44.05300000000001,-0.0545342490077018,-3.5,-3.5701968364682264,0.043607874476767096,-3.8677048876937663,alpha,0.6866912355963007,0.5665372561723565,-0.37915634556475614,-0.0728359709951648,3.2165194790008065,-0.13018201240799726,-2.208755735354633,-0.46042591033050356,-0.09037092077372065,-0.21619131686472035,0.07236952834387231,0.2975080512255396,True
mobley_2996632,0,0.1174012720584869,8.192826271057129,57.98558044433594,0.066920415,1.9864,0,0.2244498133659362,119.369,-0.0694263726472854,-1.08,0.022784304809006263,0.03821353548883204,-3.8677048876937663,alpha,0.9142741366446587,0.47785399945075424,0.12471590916023381,1.7719266149409472,1.938069276949943,0.24457024802703237,0.04379728560223825,-0.7134408423027043,0.08227044625006512,-0.0037091208800827265,-0.0755646246956537,3.8904891925027734,True
mobley_1857976,0,0.1302253032724062,8.473702112833658,59.37453587849935,0.1421436,1.464,1,0.1761492900550365,98.95399999999998,-0.1072740604480107,-1.79,-1.2709011679740054,0.028646415807722377,-3.8677048876937663,alpha,0.6629871857762614,0.41719128295062974,0.047607266863341734,1.2286120228743491,1.8531459570154791,0.017578199957849462,-0.2612451492287859,-0.5365672296309525,-0.09112868413200391,-0.02129724792142861,-0.05709269902871732,2.596803719719761,True
mobley_7298388,0,0.2038742516721998,4.118487221854074,109.92253875732422,0.24559334,1.7970199999999998,2,-0.1483327427080699,137.13800000000006,-0.3333839348384312,-3.45,-4.858192584719498,0.07659524891749483,-3.8677048876937663,gap,0.4988400470098433,0.37036485750421694,-0.2017746337464791,-0.7424521341545555,0.09126227695190116,-0.27502553259907037,-0.11094036149990136,-0.1147344013975147,0.08478049810147961,0.01930583655708002,-0.11127410274288926,-0.9904876970257326,True
mobley_2213823,0,-0.0411930216683281,8.395035743713379,90.75101216634114,0.014260345,2.442500000000001,5,0.0600059198008643,86.17799999999993,-0.3593814538584815,2.51,2.332106509237109,0.061321564923586216,-3.8677048876937663,gap,0.6114361977978618,0.3119215718352459,1.5679718571072823,2.564407967265371,0.6943999307722196,0.6973412486920021,0.5236853346278671,-0.06414143624622141,-0.034234007114422725,0.015273122034712188,-0.07681419204318159,6.1998113969308735,True
mobley_9055303,0,-0.0234294291585683,7.011884689331055,17.907407760620117,1.800391e-06,0.6361,0,0.2148200571537017,16.042999999999996,-0.0212222412228584,2.0,1.0040747431814303,0.04787804662392278,-3.8677048876937663,alpha,0.5270183563081602,0.5270859611098941,1.9085758557185795,0.3363033117870781,3.621459922361015,0.770374109132562,-1.4286214388287095,-0.4863282217694668,-0.28483760542293457,-0.15217808876039318,0.05994582554757305,4.871779630875198,True
mobley_6456034,0,0.0941750324116303,7.945693162771372,130.62159259502704,0.2387444,1.8416,7,-0.0232512695858111,144.21400000000014,-0.4882545459728974,-1.69,-2.599038753923312,0.05608459772157745,-3.8677048876937663,gap,0.9836966988226947,0.45174974664439616,0.4152316876644808,0.8621411251545489,-0.7634257927343209,-0.3030993365974283,-0.03956760921267156,0.8480853787338134,0.02125710702348542,-0.015311379598804136,-0.208394793307045,1.2686661337704548,True
mobley_4371692,2,0.427146852016449,3.398079395294189,205.83360290527344,0.254899,1.7497999999999998,2,-0.2364888936281204,239.23000000000005,-0.7163019180297852,-9.53,-13.7075775428893,0.23648265162060705,-3.8677048876937663,alpha,0.6898435035827843,-2.187543373567823,-1.5874354586553683,-2.5526044702416457,-3.700266012486007,-0.1297901355936315,-0.12204148500034775,-0.0635750655235928,-0.019520533143631752,-0.04546315241125473,0.5683670314277671,-9.839872655195537,True
mobley_5917842,1,0.1398819684982299,5.464207172393799,120.57101440429688,0.1649668,1.70922,4,-0.0726730674505233,138.16600000000008,-0.3806785345077514,-5.8,-5.52489667526707,0.07694444279900778,-3.8677048876937663,H_donors,0.8640485162238867,-0.8317034706496195,0.03348192548032149,-0.7186321497530606,-0.15313612763112783,0.023255408961859562,-0.1753373441961642,0.23411176985894905,0.08857895075493596,-0.061972597490666824,-0.09583815290873018,-1.657191787573303,True
mobley_7943327,0,0.1494924545288086,8.107235717773438,85.38693796793619,0.18592967,0.9595,4,0.0226555948456128,102.13299999999995,-0.2454053491353988,-2.68,-3.036684148715792,0.02839314882385679,-3.8677048876937663,alpha,0.9489936184184921,0.424528471516358,-0.006266882606350043,0.4266208260294836,0.8643177233767243,-0.07710112576871934,-0.8202320037705109,0.17374942548392955,-0.0033094039977820447,0.0009761050757938532,-0.1522623963609526,0.8310207389779741,True
mobley_1144156,0,0.0635107420384883,7.984143575032552,68.23487218221028,0.12159455,1.0428000000000002,4,0.1576197246710459,74.12299999999995,-0.1997347672780355,-1.59,-1.3161343505243002,0.02880968716588084,-3.8677048876937663,alpha,0.626575736852697,0.37813997568108104,0.6192653608506606,0.9669121498248241,1.5431688349147448,0.12523496719802452,-0.6839584146403296,-0.05990422351464818,-0.1920667035356814,-0.023445702799360663,-0.12177570680984942,2.551570537169466,True
mobley_3105103,1,0.4022650197148323,5.733957767486572,166.4062385559082,0.43263707,1.2534199999999995,1,0.3108735233545303,216.6650000000001,-0.6687046587467194,-11.14,-12.812797625496042,0.18297204012975934,-3.8677048876937663,alpha,0.8868120357952517,-0.8018172116119848,-2.115259578677207,-1.83031138716698,-2.3852400433202745,-1.723997575998182,-0.46295879661694583,-0.2379457822447073,0.06691695469983565,0.35201718661943904,0.19350349651472834,-8.945092737802279,True
mobley_2197088,0,-0.0368220148390376,8.278010349769097,160.3238944511909,0.014612785,4.147000000000004,9,0.0781962077871158,142.2860000000001,-0.6212084990043145,3.16,2.619029544859694,0.0786230610019171,-3.8677048876937663,logP,0.7439388866447848,0.39654131530945624,1.507577138240594,2.3055243189579597,-1.793070647939436,0.6100924121468714,3.0990775725624884,0.28491218533453966,-0.04604497715494387,-0.03458247210315066,0.15670758719908082,6.486734432553459,True
mobley_5346580,0,0.1322006285190582,6.939033508300781,90.0416030883789,0.26237512,1.6215,1,0.038575455546379,100.16099999999992,-0.3571820855140686,-3.11,-3.6957812089456454,0.06364148922606529,-3.8677048876937663,alpha,0.9155973767616327,0.5533295482947194,0.10079667041692135,0.20331786812265068,0.7855837154142047,-0.7192783890599028,-0.24917701070551418,-0.396507431883091,0.010611478690750971,-0.017514534157141083,-0.09923823638547728,0.1719236787481206,True
mobley_676247,0,0.027785625308752,3.320542097091675,24.782814025878903,2.3749665e-06,1.4756999999999998,0,0.0745113939046859,88.00461265199999,-0.0450363531708717,3.12,-0.7476561091383134,0.09289339318879256,-3.8677048876937663,alpha,0.2593925945709475,0.33890425982290284,0.7755687534715159,-0.4103246716793607,2.989941770521082,0.499860006935092,-0.3496703067849786,-0.5660585116043866,-0.04697551094585463,-0.06802588689796228,-0.04317112428259654,3.120048778555453,True
mobley_2341732,0,0.1267195208332477,7.9715118652735,101.79606589292868,0.1528968,1.3496,5,0.0118056100148421,116.15999999999993,-0.3270000830674783,-2.56,-2.521146725478251,0.03551890657784716,-3.8677048876937663,gap,0.6826489456352397,0.38703275854719527,0.13344163466895098,0.6530995491294813,0.35441736248822553,0.06972420187116563,-0.44583771860809085,0.28434525746515205,0.015783817955504927,-0.0006511414903656761,-0.10479755981170402,1.3465581622155152,True
mobley_7735340,1,0.3470452427864074,7.437383651733398,51.01920318603516,0.35865524,0.4096999999999999,0,0.1451073884963989,68.07899999999998,-0.1025617122650146,-9.63,-9.438372430095693,0.10850622564989651,-3.8677048876937663,delta_eat,0.7631754257202972,-1.0993122485860103,-2.703836143899198,-0.7278884395194833,2.063501300198197,-1.1175877496340278,-1.5178846271435813,-0.46223253048571333,-0.11259008883065824,0.12420785908903513,-0.017044873590486637,-5.570667542401927,True
mobley_3867265,0,0.1873537898063659,6.973329544067383,47.78042984008789,0.17437418,0.5952999999999999,2,0.4778377413749695,58.08000000000001,-0.1071793437004089,-3.8,-4.046426175041616,0.06451102455679006,-3.8677048876937663,alpha,0.5979596768367934,0.5404514697784153,-0.4231599624626498,-0.10890927661255431,2.5885054216200314,-0.05140736905026701,-1.5478218654022016,-0.24865008142251158,-0.8223837978765017,-0.11109860634646673,0.005752780426856674,-0.1787212873478492,True
mobley_8885088,0,0.0308943465352058,7.634372711181641,64.73326873779297,0.054837853,1.7265,0,0.0304460078477859,68.11899999999999,-0.1867290437221527,0.56,0.2612686470364918,0.039033234629086234,-3.8677048876937663,alpha,0.8315740182377066,0.42306382794298003,0.9849903552845383,1.4508548191397712,1.744709174794158,0.4211062671151753,-0.13047018529479187,-0.5585686171243001,-0.001258977470480268,-0.08900164806265141,-0.11645148159414112,4.128973534730258,True
mobley_7106722,0,-0.0368835607336627,8.604045232137045,90.98053232828777,0.019800466,2.442500000000001,5,0.0941879037353727,86.17799999999993,-0.35509279039171,2.51,2.331955615644997,0.05648122947856041,-3.8677048876937663,gap,0.5541229399532231,0.3047145346378454,1.4900681358651822,2.6890569374207245,0.6823223066647613,0.6608439718238055,0.5528561994379818,-0.083847498378705,-0.04895622364481449,0.028294604991195887,-0.07569246547921397,6.199660503338762,True
mobley_2316618,2,0.359984321726693,3.8500208722220526,240.2238091362848,0.24612737,1.8662,4,-0.1507941330265667,267.28399999999976,-0.8687101304531097,-14.21,-13.445327490571055,0.3305723791824126,-3.8677048876937663,alpha,0.4449328814881709,-2.0346086198395907,-0.8494530239945461,-2.489718635396351,-5.5957173294744305,0.005417510924558565,-0.0406768766593832,0.37698280636391174,0.038005201452683844,0.10186938947225507,0.9102769742736048,-9.577622602877288,True
mobley_3187514,1,0.1776501834392547,5.606817245483398,100.76250457763672,0.16188914,1.57722,2,-0.029664259403944,107.15599999999996,-0.31206876039505,-5.53,-5.8899789057173795,0.05877946895211167,-3.8677048876937663,H_donors,0.8123630926704232,-0.9234205287304864,-0.25670520547437853,-0.7501527565548552,0.4641946046597054,0.04091384936084082,-0.3402901012635279,-0.19941059396379648,0.07986328738222911,-0.07829250695658027,-0.058974066482763786,-2.022274018023613,True
mobley_3515580,1,0.1499930918216705,5.565452575683594,101.53712463378906,0.15894023,1.4008,3,-0.0575865507125854,124.13899999999994,-0.3065016269683838,-5.94,-5.524044423586157,0.06283204791523572,-3.8677048876937663,H_donors,0.7203814983231508,-0.8939706440729267,-0.038622523961383826,-0.6439999120341671,0.46482500788516,0.03503316631839143,-0.5441242641004151,-0.02717502698422298,0.12128360546919392,-0.06848953255790982,-0.06109941185411043,-1.6563395358923907,True
mobley_1717215,0,0.1789978370070457,7.96749210357666,38.68639755249024,0.12902233,-0.2108000000000001,1,0.0802817605435848,60.052000000000014,-0.0736193768680095,-2.78,-3.707658360611898,0.04598023985045146,-3.8677048876937663,alpha,0.8720112072306828,0.4174112042204734,-0.2934264623254204,0.19882561760242998,2.6665360445498765,0.0669913068249265,-2.3252493153320675,-0.46124536115430537,-0.05702629374202045,-0.09226560340048492,0.03949538983846083,0.1600465270818689,True
mobley_4553008,0,0.0764421299099922,6.065566539764404,105.60627746582033,1.11764775e-08,2.9934000000000003,0,0.0560320317745208,146.99800000000005,-0.2404394447803497,-1.01,-0.8109438035296378,0.03880619613323504,-3.8677048876937663,logP,0.9818491328091723,0.478378911218713,0.6624018141456178,0.5901966924454017,0.2492447550986987,0.8538500049791464,0.8696346276094301,-0.5221846707531244,-0.016388285642022157,-0.09171093047800362,-0.016661834459728398,3.0567610841641293,True
mobley_4035953,1,0.1909179985523224,5.940187454223633,96.140380859375,0.100141935,1.70062,2,-0.1040292531251907,108.13999999999994,-0.2821523547172546,-5.9,-5.389005741493852,0.07148139819951613,-3.8677048876937663,H_donors,0.551455665205533,-1.1681171898976452,-0.39460705452245576,-0.546111139580009,0.6441648419930239,0.3263304067110333,-0.2148171339409637,-0.1595768577302632,0.10902388292086304,-0.05833243272624401,-0.05925817702742429,-1.5213008538000852,True
mobley_7047032,0,0.0389140844345092,7.948271751403809,74.26847839355469,0.18381135,2.0237,0,0.2421420812606811,92.56599999999996,-0.2308741807937622,1.09,-0.7243692902701264,0.05785053165524232,-3.8677048876937663,gap,0.8849344270029528,0.3786307651445457,0.8206387324734651,1.4810918997707267,1.3106692116623229,-0.07917349677827534,0.10025497889023274,-0.6490185000205747,-0.09551236219301114,0.002429383427826563,-0.12667501495361846,3.1433355974236403,True
mobley_6929123,0,0.2204612770250865,7.754327229091099,68.59048897879464,0.18762457,0.3981999999999999,2,0.1787729901926858,108.521,-0.1459407146487917,-4.0,-4.8288551236421124,0.042700923222577805,-3.8677048876937663,logP,0.9683981952581646,0.4127865233743533,-0.6413740715464137,-0.16463610099868856,1.4958840918210758,-0.14297378258903534,-1.5446993800130835,-0.1963095890323974,-0.2329862808080696,0.10541161039554951,-0.05225325655163723,-0.9611502359483466,True
mobley_5494918,0,0.0864817458204925,5.55268594622612,54.42946076393128,0.084876075,2.6263,0,0.1010399460792541,150.02341897800002,-0.1230386849492788,2.93,-0.08858213039731759,0.0757193136513435,-3.8677048876937663,alpha,0.2837855488381752,0.44118669349547257,0.4896970910444403,0.6043841936149035,2.2367583819477677,0.313674905415545,0.4549165173447685,-0.6347597050394359,-0.012622675064482461,-0.09002871962815161,-0.02408392583437894,3.7791227572964483,True
mobley_9883303,0,-0.037969549652189,8.583333770434061,106.63429673512776,0.019568337,2.832600000000001,6,0.0570451867921898,100.20499999999991,-0.4385941115518411,2.71,2.500669347913859,0.062409672507206373,-3.8677048876937663,gap,0.5886661677578606,0.3362613113289766,1.5533558896840671,2.6387721509468807,0.17247533611137922,0.7091627843897169,1.0103969517789297,-0.025879285542495377,-0.033753078877066724,0.07217527446282504,-0.06459309867558749,6.368374235607626,True
mobley_1803862,0,-0.040213007479906,8.322521845499674,75.52489980061848,0.017244361,2.0524,4,0.1095923706889152,72.15099999999997,-0.275800218184789,2.38,2.0820191991718326,0.05386623784327975,-3.8677048876937663,gap,0.6472381990282298,0.341043581872964,1.5327240293637237,2.3680988416088105,1.2380641535364492,0.5783285071771793,0.117977221407994,-0.0609906721936622,-0.028513004059333918,-0.0034023048033849056,-0.1336062670451398,5.9497240868656,True
mobley_5006685,0,0.2023448285957177,5.815978871451484,144.66411844889322,0.28111774,2.4879000000000007,3,-0.0955748028225368,150.22100000000012,-0.5533617221646838,-4.09,-4.954255455775376,0.06667628965599952,-3.8677048876937663,alpha,0.4055628111836994,0.4778309067885843,-0.17534788719900865,-0.3489805303157712,-1.305177577110455,-0.41837663159753086,0.5293314872668458,0.0004408002421453736,0.16446682754329217,0.03943201208002399,-0.050169975779735296,-1.0865505680816094,True
mobley_1261349,0,-0.0327081345021724,8.163352966308594,74.16496276855469,2.7430733e-05,2.0524,0,0.128320574760437,72.15099999999997,-0.2870137393474579,2.51,1.8304475800599493,0.05251811220143624,-3.8677048876937663,gap,0.7299943609901588,0.36454622401075837,1.619601191996832,2.2186489081915886,1.3214594438909324,0.710722316948206,0.088424151008439,-0.4831803675140365,-0.0017256372212092381,-0.032609170532426096,-0.10773459302536795,5.698152467753717,True
mobley_3663158,1,0.2444634735584259,4.870853424072266,131.23121643066406,0.132146,2.545400000000001,1,-0.0376520603895187,144.17300000000006,-0.4048957824707031,-8.11,-6.790001875335262,0.07234393044639441,-3.8677048876937663,H_donors,0.9775479563050015,-0.960734793344319,-0.6851044573360087,-0.939164333784847,-0.4571439268482247,0.16629384812490997,0.30886327697316285,-0.3469125275722315,0.01994038864513296,-0.07296653092653835,0.04463206842746793,-2.9222969876414955,True
mobley_3053621,0,0.0649033784866333,6.983789443969727,72.00669860839844,5.96451e-09,1.6866,0,0.0026998724788427,78.11399999999996,-0.1829440593719482,-0.9,-0.524906644188842,0.04210714499075857,-3.8677048876937663,alpha,0.4836324363273863,0.551886169651913,0.785145332993888,0.5119380406733438,1.624938024283989,0.7858727355654752,-0.1916518692753252,-0.5571719101960465,0.06257304742530032,-0.11926151304929974,-0.11146981456831387,3.3427982435049244,True
mobley_2659552,0,0.2556126075131552,5.660046441214425,157.77584838867188,0.39902887,1.69682,4,-0.01860744053764,163.2200000000001,-0.5155349586691175,-9.76,-7.682491906567495,0.04037220867895728,-3.8677048876937663,alpha,0.545340183972796,0.44928935615862614,-0.362509195445014,-1.0067715913316384,-1.9522900827675183,-1.0646622329047035,-0.13048012936684344,0.28792736462757124,0.03812241109280789,0.11984940201006684,-0.19326232094708196,-3.8147870188737274,True
mobley_4690963,0,0.129703915599039,7.410514750723111,107.0433688406217,0.17786631,1.0594,7,0.0848878944071672,118.17599999999992,-0.342632056292841,-3.54,-3.351380323908798,0.04412829627248496,-3.8677048876937663,logP,0.8444627477426918,0.42074062580636673,0.15126363477903218,0.06168953171582451,0.17140720255630865,-0.061539153684848726,-0.7978066264639144,0.6737179759510445,-0.06791287816938082,0.04347249127393072,-0.07870823997939451,0.5163245637849688,True
mobley_1977493,0,0.049341229101022,8.484014511108398,60.28326034545898,0.15158106,1.6352,2,0.0984044621388117,78.53899999999997,-0.1497178375720977,-0.33,0.14897932832145017,0.02815567197312143,-3.8677048876937663,gap,0.9747864844985992,0.3230467822646431,0.6035310157860888,1.855356473355344,1.8085764141537748,0.01806014591150897,-0.139995334222629,-0.271095782679817,-0.05191384061532728,-0.050724344625291386,-0.0781573133130784,4.016684216015216,True
mobley_2146331,0,0.1719341576099395,6.007162570953369,18.836990356445312,0.18116793,-0.1849,0,0.0732944905757904,30.026,-0.0176901370286941,-2.75,-3.8115210353576856,0.05341409588147479,-3.8677048876937663,alpha,0.6826238410564945,0.46272250671286946,-0.17658655396912387,-0.4055882168275541,3.611974703219134,-0.08401852176802985,-2.465620045710337,-0.7067271114903415,-0.04948600462497564,-0.2576580020690406,0.12717109886347908,0.056183852336079615,True
mobley_2693089,0,0.1156576263407866,6.119609673817952,124.36360867818196,0.084029704,1.6751,4,0.012251464339594,136.19800000000006,-0.4407600040237109,-5.04,-3.4072164705913677,0.05829605156980144,-3.8677048876937663,H_donors,0.5850571430539232,0.5185614020260758,0.2758981054762964,-0.09177295047504425,-0.2677046492865084,0.30338805236741284,-0.191917427029412,0.04410931196596528,0.022701530110803787,-0.02751866715915251,-0.1252562908940381,0.46048841710239874,True
mobley_902954,0,0.2328425485129449,5.7862399512646245,84.89096129174327,0.2437753,1.0157,5,-0.1582207925179425,119.11999999999996,-0.2628380223816516,-2.09,-3.5662850615283594,0.05583252932753519,-3.8677048876937663,alpha,0.932829290940783,0.45745586932563,-0.36347424831696007,-0.5979717750465743,0.9359253852836208,-0.18788119726272356,-0.8730586135275992,0.6177668965731784,0.4080544738449007,0.08475290784940318,-0.18014987255746873,0.3014198261654071,True
mobley_7066554,1,0.2320491373538971,5.8028178215026855,95.50829315185548,0.21735947,2.0456000000000008,1,-0.0125218890607357,128.55499999999998,-0.2347139716148376,-7.03,-6.136225477315693,0.06627318679278453,-3.8677048876937663,H_donors,0.6313499342115216,-1.1190723198272328,-0.7065262355008584,-0.6577508731699523,0.5981247199108289,-0.050323023496948394,0.035071511572674706,-0.3475161665395787,0.03209876346093009,0.012581779371778215,-0.06520874540356843,-2.268520589621927,True
mobley_2294995,0,0.1782042980194091,7.546630223592122,53.56912740071615,0.16657339,0.1793,2,0.0820942396918932,74.07899999999997,-0.130681037902832,-2.56,-3.876945897228498,0.02855082452878999,-3.8677048876937663,alpha,0.8969005707829278,0.4141455281366112,-0.2835798693314627,0.034161751776601315,2.2002361949661196,0.00826631184313616,-1.97339309912237,-0.25581568209899935,-0.06628273111268679,-0.07593587669904392,-0.01104353789263653,-0.009241009534731049,True
mobley_7977115,1,0.1041066712484909,8.52096858391395,97.66467255812424,0.116344616,1.5574,6,0.1927873876232367,102.17699999999994,-0.3776357781428557,-4.06,-3.400034894603837,0.045400321021575464,-3.8677048876937663,H_donors,0.6383323416950694,-0.7431793912827229,0.2457515542709015,0.24960134162159023,0.47439544113701676,0.2313202849813308,-0.18722521984594004,0.3323175641321069,-0.04500703679164397,-0.0008206422736375008,-0.08948390285907246,0.4676699930899293,True
mobley_588781,0,0.0364854683613647,6.774529332699983,172.51550160283628,0.051915716,3.809400000000003,6,-0.0294563003370295,162.27600000000015,-0.629520736310793,-0.04,-0.6512662692086295,0.053296973501776236,-3.8677048876937663,logP,0.9604369511718557,0.6197516328961321,1.2799210590072527,0.14837874852461824,-2.5966870243472715,0.5696172330499836,2.703651729745489,0.24525358122952254,0.1720369776718593,-0.10628339744261299,0.18079807815016377,3.2164386184851375,True
mobley_4683624,1,0.1820594469706217,6.040716489156087,129.60510762532553,0.120061,2.344700000000001,4,-0.0259213106085856,136.19400000000005,-0.4329785406589508,-5.21,-5.187992643319628,0.07179127540266077,-3.8677048876937663,H_donors,0.4642471422120395,-1.0926998708838596,-0.1900874609021409,-0.4377735837748462,-0.5072827923532963,0.2336411926724689,0.3367095008620212,0.26594302169715095,0.06424832667442897,-0.023334554485012256,0.030348464867224634,-1.3202877556258605,True
mobley_900088,0,0.0425607648988564,6.271920045216878,86.43582661946614,0.012198523,2.1386000000000003,3,0.0100731154282887,82.14599999999994,-0.2568790415922801,0.4,-0.32280086353538495,0.0518919189853497,-3.8677048876937663,alpha,0.8872798784448379,0.46942575429196365,0.9498823373401752,0.4067003816124985,1.070555481326887,0.6764416333862336,0.11963042123083434,-0.02015218318598181,0.06584996533027312,-0.10847602943276542,-0.08495373774173662,3.5449040241583814,True
mobley_5026370,0,0.2720944881439209,5.757573127746582,86.81510162353516,0.14429586,0.95328,0,-0.0257605127990245,104.11199999999997,-0.1978851854801178,-6.02,-5.62510253869257,0.04083103597421923,-3.8677048876937663,delta_eat,0.8982225176699666,0.4045899596190975,-1.1062060016063051,-0.5646844215314738,0.9689875291548036,0.08414399399257608,-0.9936191398244425,-0.609352626091922,0.09161391510945405,0.04020765432043838,-0.07307851414103003,-1.7573976509988036,True
mobley_3259411,3,0.3565312425295512,8.302336798773872,63.34864849514432,0.23395024,-1.6681,5,0.5916541881031461,92.09399999999997,-0.2005303170945909,-13.43,-14.912478529609379,0.31379980302942645,-3.8677048876937663,logP,0.7096520541298641,-3.2883535254521554,-2.1354343348210216,-2.0990404535231173,1.501028444283826,-0.24703414303369803,-4.633754677824687,0.48358109050846687,-0.7515137458640453,0.1791286902623695,-0.05338098645155167,-11.044773641915613,True
mobley_5063386,1,0.242438168823719,3.994848084449768,96.97850341796877,0.25539947,1.1941999999999997,2,-0.0473979065194726,139.11000000000004,-0.2936883687973022,-4.58,-7.117065704892217,0.08929691205944926,-3.8677048876937663,gap,0.5301093700267632,-0.7924194845706147,-0.5355413879945893,-1.4948226335456183,0.5080428094803076,-0.1531664210425168,-0.6448710045778527,-0.07399624146355058,0.031778718907518586,-0.011148306433644627,-0.08321686595788962,-3.24936081719845,True
mobley_6416775,0,-0.0337867315651641,8.294617652893066,115.5131424797906,0.04597307,2.976700000000002,3,0.0126894346127907,112.21599999999992,-0.4820981373389562,2.13,1.7618614077149612,0.051098435459815586,-3.8677048876937663,gap,0.6032815888741688,0.3461674580986188,1.4075417570892421,2.3331422391257894,-0.045510986671036896,0.45233720587480175,1.1333164405728744,-0.02727971603539664,0.029070977265354635,0.006503215421677354,-0.00572229533319712,5.629566295408727,True
mobley_3414356,1,0.1044829313953717,8.352669927808973,96.31195237901476,0.094396144,1.5574,6,0.3890734182463752,102.17699999999992,-0.3949837187925974,-3.92,-3.422681893427476,0.0858225841227793,-3.8677048876937663,H_donors,0.7006653323048951,-0.7381639191756872,0.2561630047543194,0.16859916430666083,0.5172058677247167,0.3103380198255524,-0.17826859589679683,0.2501171179401976,-0.06483819240615862,0.008823431733841924,-0.08495290454035563,0.44502299426629055,True
mobley_2008055,0,-0.0126315969973802,8.544107437133789,31.721332550048828,3.692862e-09,1.0262,1,0.174097791314125,30.07,-0.0650717467069625,1.83,1.901742195665383,0.04144228383795807,-3.8677048876937663,alpha,0.7144827726341731,0.3711415413876784,1.3345650871787722,1.9694550083959843,2.7564765503511692,0.6052106522579909,-0.6551744144966563,-0.40319111662941365,-0.14513795660610104,-0.054703678953046064,-0.009194589527228111,5.76944708335915,True
mobley_4465023,0,0.1052986122667789,6.4043285846710205,55.94477462768555,0.15962274,1.9352,0,0.2372651472687721,96.938,-0.0805007629096508,-1.17,-1.3399706749476559,0.03726221040646234,-3.8677048876937663,alpha,0.31789756460096824,0.5439979445527098,0.38392082583093645,0.13580291162316968,2.3583461166118727,0.03561508614049026,0.008143892250132779,-0.7497124869570654,-0.07381100616857592,-0.0758668359142568,-0.03870223522330346,2.52773421274611,True
mobley_9717937,0,0.1142128854990005,5.790482521057129,172.73584493001303,0.16729468,4.0070000000000014,1,-0.0262871378411849,188.65400000000008,-0.5289718508720398,-2.69,-3.32082385237754,0.03988657037621213,-3.8677048876937663,alpha,0.9683413855026006,0.4134819259473542,0.29095256043571166,0.30196858132110976,-2.3775296049057566,0.011411905087854305,2.302260311687891,-0.46253121053195534,0.10826895544399373,-0.135855825169772,0.09445343599979561,0.5468810353162263,True
mobley_2782339,1,0.3133869767189026,5.881491661071777,113.63249969482422,0.19619825,0.5702,0,-0.0211370792239904,147.13300000000004,-0.3257478773593902,-9.61,-10.042335818909297,0.09365577810786044,-3.8677048876937663,delta_eat,0.8546828374043892,-1.0420106239518097,-1.7778524213188054,-1.1833029107880306,-0.006717224754844613,-0.12567619796765014,-1.5194999519390202,-0.5214117981037357,0.09279868020665882,-0.02743913016814916,-0.06351935243014395,-6.174630931215531,True
mobley_20524,1,0.2072496563196182,6.111074447631836,78.86367797851562,0.13261348,1.3921999999999997,1,-0.0227292198687791,94.11299999999996,-0.2068491280078888,-6.6,-5.734155468480698,0.06078714476105977,-3.8677048876937663,alpha,0.886730593047117,-1.189061016211511,-0.6520603143320357,-0.5816583481156826,1.3409495798780109,0.17578079067074898,-0.5516641208522861,-0.39573082330136533,0.09377399335438283,-0.0822169814935407,-0.024563340383652387,-1.8664505807869312,True
mobley_8765203,0,0.0461453273892402,6.3903398513793945,72.35345967610677,0.025710655,1.7485,2,0.0201498735696077,68.11899999999999,-0.1770586520433426,0.68,-0.4674718770648747,0.04171883930728478,-3.8677048876937663,alpha,0.5868424612969586,0.5183702900660865,0.9795133658172253,0.19142425172523497,1.6691249021968169,0.6145915756280877,-0.1566031693242202,-0.22006969393764542,0.04562619313406385,-0.14154114449917912,-0.10020356017757881,3.4002330106288916,True
mobley_7261305,2,0.226484477519989,8.162160873413086,22.527420043945312,0.09885642,-1.1812,1,0.373193621635437,32.046,-0.0335869714617729,-9.3,-9.544223378186746,0.09444192481244205,-3.8677048876937663,logP,0.8848579133764892,-2.665556250410157,-1.0339142824976717,-1.1041980440162331,3.181904758412148,0.21927806394255547,-3.5959499376238404,-0.376202279305775,-0.32310932219540656,-0.13398851985860616,0.15521732306000632,-5.67651849049298,True
mobley_7608435,0,0.1147259769850219,7.712363527310605,152.831771345328,0.15267931,2.5199000000000007,8,0.0210095500659863,158.24100000000016,-0.5405485527404886,-2.04,-2.147473976285833,0.06380510886907827,-3.8677048876937663,alpha,0.5977598280883657,0.4376162241175005,0.2964718348933183,0.998287399909578,-1.7824184022073344,0.06071756373848687,0.7410295631779122,1.0654581176849958,0.015718051809520288,-0.031920073909375415,-0.08072936780666762,1.7202309114079346,True
mobley_9028462,0,0.1777209341526031,7.571439266204834,59.97405242919922,0.11939827,0.7216999999999999,1,-0.228256806731224,128.05020948900005,-0.1298237591981887,-1.1,-2.2676682070907006,0.053669599370569976,-3.8677048876937663,alpha,0.6263265220493142,0.5267490576982334,-0.2704167468139364,0.49712643631764325,1.9642789675170262,0.10811275593674366,-1.230280014059557,-0.4814593348740289,0.5436741186492262,0.0015757925733896074,-0.05932435234167397,1.6000366806030661,True
mobley_2371092,0,0.1400567591190338,6.238054275512695,99.6776885986328,0.20924586,1.69844,2,0.0079790158197283,107.15599999999996,-0.3134610056877136,-5.22,-3.6482931043201154,0.03184250606854869,-3.8677048876937663,H_donors,0.9243462427374399,0.5090346575184503,0.05877868136491478,-0.06150376881125173,0.4705242731003191,-0.23192414503554032,-0.19543450660580725,-0.21303445233829307,0.04772590274522423,-0.03240469727856506,-0.1323501612858006,0.21941178337365044,True
mobley_8713762,0,0.2217952551569525,6.433923101800633,187.82254124438668,0.27900884,3.3716000000000026,9,0.4219015648984534,203.34400000000016,-0.7106108534054494,-4.13,-3.6066026460580494,0.21294031876951702,-3.8677048876937663,alpha,0.6518856874716715,0.590147953357253,-0.3162027714046066,-0.2137852212277723,-3.9557458785434276,-0.5781802182972016,2.5786941214975134,1.7742823394344733,-0.1985097474434007,0.549066854553544,0.03133480970934338,0.26110224163571766,True
mobley_2295058,1,0.325261503458023,5.510542869567871,124.54202270507812,0.3786236,1.1788,3,-0.1107925623655319,152.14900000000006,-0.3478649258613586,-9.51,-9.177640721084767,0.08654698019403183,-3.8677048876937663,gap,0.7814960395839485,-0.8922893331047131,-1.2108235341602465,-1.5493661807996655,-0.38770213418789795,-0.6490951381665682,-0.7411161572220396,0.010633349321285585,0.18520301673615155,-0.005404066373343547,-0.06997565543396467,-5.309935833391001,True
mobley_9705941,0,0.0864161327481269,6.251228332519531,83.7767562866211,0.01985237,2.05652,1,-0.0007194001227617,98.16299999999995,-0.18816938996315,-1.38,-1.1056772728924265,0.03829477338157726,-3.8677048876937663,alpha,0.5466603742189042,0.5267454528970961,0.5410694204880032,0.3741026111951612,1.1875640403366243,0.6491942026993329,0.027876213280155805,-0.4115293735880991,0.049556598119904254,-0.09000103819973675,-0.09255051242710148,2.7620276148013407,True
mobley_7542832,0,0.0379533727878126,8.308037165937753,99.93841184418775,0.116793565,1.823,6,0.1084676849944838,102.17699999999994,-0.3352613654629937,-1.16,-0.5248093542495837,0.036058287593271364,-3.8677048876937663,gap,0.5475147828774429,0.32973764847034703,0.8513075560078839,1.5548576634476783,0.4057429823242792,0.2157573642120188,-0.0604846871444716,0.14689312493635942,-0.020587645027460633,0.04104172092290919,-0.12137019470536108,3.342895533444183,True
mobley_2269032,1,0.3391330621459267,5.156751069155606,216.67327950217503,0.20633703,3.036500000000001,5,-0.0537676968696442,230.2630000000001,-0.7291244024580176,-10.21,-8.943461265259637,0.1771779495499785,-3.8677048876937663,alpha,0.2652226869803815,-0.8689326356003442,-0.817861202862287,-1.2587777288886561,-4.746116341781002,0.00959402841148459,1.0295282171106055,0.7710995047278837,0.08582105091055854,0.18757579611825337,0.5323129342876333,-5.07575637756587,True
mobley_7676709,0,0.1451484203338623,6.019901784261068,145.36844177246093,0.36638463,2.567800000000001,4,0.0001575094958146,152.2370000000001,-0.6202380220095317,-4.51,-4.646018508894637,0.07207921883252859,-3.8677048876937663,alpha,0.6535045909640798,0.5634695584995627,0.07679277004459283,-0.07238250007217881,-1.3765307891122016,-0.8995691902882312,0.7109640300784477,0.24228483057512937,0.03439026106750427,0.008688122888268575,-0.06642071488176468,-0.7783136212008708,True
mobley_3425174,0,0.100599505007267,7.045854568481445,32.19072341918945,0.08990248,1.1522,0,0.1533409506082534,68.475403163,-0.0344461873173713,-0.77,-0.7867323611074659,0.031646713316804576,-3.8677048876937663,alpha,0.23625588207258094,0.5478061649619647,0.3827732130528068,0.34907249130463647,3.17598411755286,0.2529476410782677,-0.7503449291409585,-0.6381534580585804,-0.13720639370481444,-0.125591327690257,0.023685007230375275,3.080972526586301,True
mobley_2328633,0,-0.0374037601758499,8.041183213929873,149.59373845280828,0.040303387,3.7569000000000026,5,0.0103757545553349,140.27000000000007,-0.6261230916590304,2.55,1.7461914872399096,0.04243739144249059,-3.8677048876937663,logP,0.9099251424548894,0.41517044168061795,1.4907929695714834,2.102418816771498,-1.3406660061412081,0.4586810764825383,2.310540415554819,0.03053297837623664,0.013459108299462206,-0.047338152079980725,0.18030472641820988,5.6138963749336765,True
mobley_766666,0,0.0963235859655671,5.826688634024726,71.10653898451064,0.089927584,2.5017000000000005,0,0.271207209262583,131.38000000000002,-0.1033501964476373,-0.44,-0.8018430597271186,0.04792906561199985,-3.8677048876937663,alpha,0.4047120579782871,0.5122498418822895,0.3781937272853673,0.40748458079624783,1.6740196670482805,0.24492731886657496,0.41352025287457617,-0.6774959445472365,0.15747974064129777,-0.006912249415538215,-0.03760510746521179,3.065861827966647,True
mobley_9507933,0,0.1276674121618271,6.36789608001709,103.70973205566406,0.16893087,1.69844,2,0.0308368746191263,107.15599999999996,-0.2924520671367645,-4.72,-3.4664965966387675,0.023364229404202217,-3.8677048876937663,H_donors,0.7158239914016528,0.48716997618520813,0.15049513490787772,0.001431166837108253,0.3487279568439438,0.005440046632958658,-0.1929843913381792,-0.2618829929072652,0.039885109114208304,-0.06376867631012147,-0.11330503891074024,0.4012082910549987,True
mobley_6896128,0,-0.041277174209786,8.538879682851393,123.291268637014,0.018505562,3.222700000000001,7,0.0631204138315001,114.23199999999991,-0.5092653417310049,2.97,2.5731531814000355,0.06195918535178503,-3.8677048876937663,gap,0.616644281711682,0.36026447572838133,1.555676935850999,2.5499935671526486,-0.27934181821423143,0.659880156470803,1.5724389515862545,0.04497518031609371,-0.03930398757492704,0.031118251479603953,-0.014843643701824134,6.440858069093801,True
mobley_8260524,0,0.0979700908064842,8.549816131591797,42.01225280761719,0.050042007,0.6395,0,0.2333267778158188,40.06500000000001,-0.0510657578706741,-0.48,-1.1951187206973024,0.039393431107570334,-3.8677048876937663,alpha,0.48244328962109956,0.4128011238513283,0.2644945270599183,1.1682732996516896,2.4215764314376225,0.3578903844109923,-1.059245426744989,-0.6037915531505801,-0.22389679727769973,-0.0819777761651844,0.016461953923365885,2.6725861669964632,True
mobley_7176290,1,0.3275898247957229,3.8105699121952057,98.36229991912842,0.24489938,1.1942,2,-0.1632969304919242,139.11000000000004,-0.2862662896513939,-9.62,-7.750757825120013,0.09367150308797251,-3.8677048876937663,gap,0.6185912833265383,-0.8424653179510541,-1.0317372802304956,-1.6678820216835617,0.4574296540716219,-0.10492541850158901,-0.6472412748726656,-0.05412617850571636,0.09638621013598372,-0.00995039114439161,-0.07854091874437866,-3.8830529374262466,True
mobley_6338073,2,0.401288300994935,4.815352711251111,220.84599738392404,0.43499684,2.2357,6,0.2243110239505767,241.35700000000017,-0.7615331372594446,-6.68,-12.00021743877891,0.4197127081358817,-3.8677048876937663,alpha,0.46040924328130245,-1.5685417090785965,-0.9310847395460324,-2.374513638274181,-5.157397843169261,-0.6395420682432083,0.289984882827929,1.1261016334523835,0.14721732108274202,0.5069984793576735,0.4682651305054086,-8.132512551085146,True
mobley_3843583,1,0.2476643919944763,4.608123779296875,134.80606079101562,0.15424262,2.422,1,-0.0351504683494567,143.18900000000005,-0.4387311935424804,-7.28,-7.186232570867462,0.07183988295290965,-3.8677048876937663,gap,0.8007992109424914,-0.8972683046836261,-0.6748256879985293,-1.1204660199747156,-0.6024699484867965,0.06791338504407501,0.24403975817630688,-0.3802100118791801,0.0230716041964319,-0.06293425120601678,0.08462179363835465,-3.318527683173696,True
